220 Hybrid FTP Server Ready
200 Mode Compressed
File: upload: role-a-mode-c.bin
[░░░░░░░░░░░░░░░░░░░░░░░░░░░░░░]   0.4% (1.00 KB / 250.00 KB) | Speed: -- B/s
File: upload: role-a-mode-c.bin
[░░░░░░░░░░░░░░░░░░░░░░░░░░░░░░]   0.8% (2.00 KB / 250.00 KB) | Speed: -- B/s
File: upload: role-a-mode-c.bin
[░░░░░░░░░░░░░░░░░░░░░░░░░░░░░░]   1.2% (3.00 KB / 250.00 KB) | Speed: -- B/s
File: upload: role-a-mode-c.bin
[░░░░░░░░░░░░░░░░░░░░░░░░░░░░░░]   1.6% (4.00 KB / 250.00 KB) | Speed: -- B/s
File: upload: role-a-mode-c.bin
[█░░░░░░░░░░░░░░░░░░░░░░░░░░░░░]   2.0% (5.00 KB / 250.00 KB) | Speed: -- B/s
File: upload: role-a-mode-c.bin
[█░░░░░░░░░░░░░░░░░░░░░░░░░░░░░]   2.4% (6.00 KB / 250.00 KB) | Speed: -- B/s
File: upload: role-a-mode-c.bin
[█░░░░░░░░░░░░░░░░░░░░░░░░░░░░░]   2.8% (7.00 KB / 250.00 KB) | Speed: -- B/s
File: upload: role-a-mode-c.bin
[█░░░░░░░░░░░░░░░░░░░░░░░░░░░░░]   3.2% (8.00 KB / 250.00 KB) | Speed: -- B/s
File: upload: role-a-mode-c.bin
[█░░░░░░░░░░░░░░░░░░░░░░░░░░░░░]   3.6% (9.00 KB / 250.00 KB) | Speed: -- B/s
File: upload: role-a-mode-c.bin
[█░░░░░░░░░░░░░░░░░░░░░░░░░░░░░]   4.0% (10.00 KB / 250.00 KB) | Speed: -- B/s
File: upload: role-a-mode-c.bin
[█░░░░░░░░░░░░░░░░░░░░░░░░░░░░░]   4.4% (11.00 KB / 250.00 KB) | Speed: -- B/s
File: upload: role-a-mode-c.bin
[█░░░░░░░░░░░░░░░░░░░░░░░░░░░░░]   4.8% (12.00 KB / 250.00 KB) | Speed: -- B/s
File: upload: role-a-mode-c.bin
[██░░░░░░░░░░░░░░░░░░░░░░░░░░░░]   5.2% (13.00 KB / 250.00 KB) | Speed: -- B/s
File: upload: role-a-mode-c.bin
[██░░░░░░░░░░░░░░░░░░░░░░░░░░░░]   5.6% (14.00 KB / 250.00 KB) | Speed: -- B/s
File: upload: role-a-mode-c.bin
[██░░░░░░░░░░░░░░░░░░░░░░░░░░░░]   6.0% (15.00 KB / 250.00 KB) | Speed: -- B/s
File: upload: role-a-mode-c.bin
[██░░░░░░░░░░░░░░░░░░░░░░░░░░░░]   6.4% (16.00 KB / 250.00 KB) | Speed: -- B/s
File: upload: role-a-mode-c.bin
[██░░░░░░░░░░░░░░░░░░░░░░░░░░░░]   6.8% (17.00 KB / 250.00 KB) | Speed: -- B/s
File: upload: role-a-mode-c.bin
[██░░░░░░░░░░░░░░░░░░░░░░░░░░░░]   7.2% (18.00 KB / 250.00 KB) | Speed: -- B/s
File: upload: role-a-mode-c.bin
[██░░░░░░░░░░░░░░░░░░░░░░░░░░░░]   7.6% (19.00 KB / 250.00 KB) | Speed: -- B/s
File: upload: role-a-mode-c.bin
[██░░░░░░░░░░░░░░░░░░░░░░░░░░░░]   8.0% (20.00 KB / 250.00 KB) | Speed: -- B/s
File: upload: role-a-mode-c.bin
[███░░░░░░░░░░░░░░░░░░░░░░░░░░░]   8.4% (21.00 KB / 250.00 KB) | Speed: -- B/s
File: upload: role-a-mode-c.bin
[███░░░░░░░░░░░░░░░░░░░░░░░░░░░]   8.8% (22.00 KB / 250.00 KB) | Speed: -- B/s
File: upload: role-a-mode-c.bin
[███░░░░░░░░░░░░░░░░░░░░░░░░░░░]   9.2% (23.00 KB / 250.00 KB) | Speed: -- B/s
File: upload: role-a-mode-c.bin
[███░░░░░░░░░░░░░░░░░░░░░░░░░░░]   9.6% (24.00 KB / 250.00 KB) | Speed: -- B/s
File: upload: role-a-mode-c.bin
[███░░░░░░░░░░░░░░░░░░░░░░░░░░░]  10.0% (25.00 KB / 250.00 KB) | Speed: -- B/s
File: upload: role-a-mode-c.bin
[███░░░░░░░░░░░░░░░░░░░░░░░░░░░]  10.4% (26.00 KB / 250.00 KB) | Speed: -- B/s
File: upload: role-a-mode-c.bin
[███░░░░░░░░░░░░░░░░░░░░░░░░░░░]  10.8% (27.00 KB / 250.00 KB) | Speed: -- B/s
File: upload: role-a-mode-c.bin
[███░░░░░░░░░░░░░░░░░░░░░░░░░░░]  11.2% (28.00 KB / 250.00 KB) | Speed: -- B/s
File: upload: role-a-mode-c.bin
[███░░░░░░░░░░░░░░░░░░░░░░░░░░░]  11.6% (29.00 KB / 250.00 KB) | Speed: -- B/s
File: upload: role-a-mode-c.bin
[████░░░░░░░░░░░░░░░░░░░░░░░░░░]  12.0% (30.00 KB / 250.00 KB) | Speed: -- B/s
File: upload: role-a-mode-c.bin
[████░░░░░░░░░░░░░░░░░░░░░░░░░░]  12.4% (31.00 KB / 250.00 KB) | Speed: -- B/s
File: upload: role-a-mode-c.bin
[████░░░░░░░░░░░░░░░░░░░░░░░░░░]  12.8% (32.00 KB / 250.00 KB) | Speed: -- B/s
File: upload: role-a-mode-c.bin
[████░░░░░░░░░░░░░░░░░░░░░░░░░░]  13.2% (33.00 KB / 250.00 KB) | Speed: -- B/s
File: upload: role-a-mode-c.bin
[████░░░░░░░░░░░░░░░░░░░░░░░░░░]  13.6% (34.00 KB / 250.00 KB) | Speed: -- B/s
File: upload: role-a-mode-c.bin
[████░░░░░░░░░░░░░░░░░░░░░░░░░░]  14.0% (35.00 KB / 250.00 KB) | Speed: -- B/s
File: upload: role-a-mode-c.bin
[████░░░░░░░░░░░░░░░░░░░░░░░░░░]  14.4% (36.00 KB / 250.00 KB) | Speed: -- B/s
File: upload: role-a-mode-c.bin
[████░░░░░░░░░░░░░░░░░░░░░░░░░░]  14.8% (37.00 KB / 250.00 KB) | Speed: -- B/s
File: upload: role-a-mode-c.bin
[█████░░░░░░░░░░░░░░░░░░░░░░░░░]  15.2% (38.00 KB / 250.00 KB) | Speed: -- B/s
File: upload: role-a-mode-c.bin
[█████░░░░░░░░░░░░░░░░░░░░░░░░░]  15.6% (39.00 KB / 250.00 KB) | Speed: -- B/s
File: upload: role-a-mode-c.bin
[█████░░░░░░░░░░░░░░░░░░░░░░░░░]  16.0% (40.00 KB / 250.00 KB) | Speed: -- B/s
File: upload: role-a-mode-c.bin
[█████░░░░░░░░░░░░░░░░░░░░░░░░░]  16.4% (41.00 KB / 250.00 KB) | Speed: -- B/s
File: upload: role-a-mode-c.bin
[█████░░░░░░░░░░░░░░░░░░░░░░░░░]  16.8% (42.00 KB / 250.00 KB) | Speed: -- B/s
File: upload: role-a-mode-c.bin
[█████░░░░░░░░░░░░░░░░░░░░░░░░░]  17.2% (43.00 KB / 250.00 KB) | Speed: -- B/s
File: upload: role-a-mode-c.bin
[█████░░░░░░░░░░░░░░░░░░░░░░░░░]  17.6% (44.00 KB / 250.00 KB) | Speed: -- B/s
File: upload: role-a-mode-c.bin
[█████░░░░░░░░░░░░░░░░░░░░░░░░░]  18.0% (45.00 KB / 250.00 KB) | Speed: -- B/s
File: upload: role-a-mode-c.bin
[██████░░░░░░░░░░░░░░░░░░░░░░░░]  18.4% (46.00 KB / 250.00 KB) | Speed: -- B/s
File: upload: role-a-mode-c.bin
[██████░░░░░░░░░░░░░░░░░░░░░░░░]  18.8% (47.00 KB / 250.00 KB) | Speed: -- B/s
File: upload: role-a-mode-c.bin
[██████░░░░░░░░░░░░░░░░░░░░░░░░]  19.2% (48.00 KB / 250.00 KB) | Speed: -- B/s
File: upload: role-a-mode-c.bin
[██████░░░░░░░░░░░░░░░░░░░░░░░░]  19.6% (49.00 KB / 250.00 KB) | Speed: -- B/s
File: upload: role-a-mode-c.bin
[██████░░░░░░░░░░░░░░░░░░░░░░░░]  20.0% (50.00 KB / 250.00 KB) | Speed: -- B/s
File: upload: role-a-mode-c.bin
[██████░░░░░░░░░░░░░░░░░░░░░░░░]  20.4% (51.00 KB / 250.00 KB) | Speed: -- B/s
File: upload: role-a-mode-c.bin
[██████░░░░░░░░░░░░░░░░░░░░░░░░]  20.8% (52.00 KB / 250.00 KB) | Speed: -- B/s
File: upload: role-a-mode-c.bin
[██████░░░░░░░░░░░░░░░░░░░░░░░░]  21.2% (53.00 KB / 250.00 KB) | Speed: -- B/s
File: upload: role-a-mode-c.bin
[██████░░░░░░░░░░░░░░░░░░░░░░░░]  21.6% (54.00 KB / 250.00 KB) | Speed: -- B/s
File: upload: role-a-mode-c.bin
[███████░░░░░░░░░░░░░░░░░░░░░░░]  22.0% (55.00 KB / 250.00 KB) | Speed: -- B/s
File: upload: role-a-mode-c.bin
[███████░░░░░░░░░░░░░░░░░░░░░░░]  22.4% (56.00 KB / 250.00 KB) | Speed: -- B/s
File: upload: role-a-mode-c.bin
[███████░░░░░░░░░░░░░░░░░░░░░░░]  22.8% (57.00 KB / 250.00 KB) | Speed: -- B/s
File: upload: role-a-mode-c.bin
[███████░░░░░░░░░░░░░░░░░░░░░░░]  23.2% (58.00 KB / 250.00 KB) | Speed: -- B/s
File: upload: role-a-mode-c.bin
[███████░░░░░░░░░░░░░░░░░░░░░░░]  23.6% (59.00 KB / 250.00 KB) | Speed: -- B/s
File: upload: role-a-mode-c.bin
[███████░░░░░░░░░░░░░░░░░░░░░░░]  24.0% (60.00 KB / 250.00 KB) | Speed: -- B/s
File: upload: role-a-mode-c.bin
[███████░░░░░░░░░░░░░░░░░░░░░░░]  24.4% (61.00 KB / 250.00 KB) | Speed: -- B/s
File: upload: role-a-mode-c.bin
[███████░░░░░░░░░░░░░░░░░░░░░░░]  24.8% (62.00 KB / 250.00 KB) | Speed: -- B/s
File: upload: role-a-mode-c.bin
[████████░░░░░░░░░░░░░░░░░░░░░░]  25.2% (63.00 KB / 250.00 KB) | Speed: -- B/s
File: upload: role-a-mode-c.bin
[████████░░░░░░░░░░░░░░░░░░░░░░]  25.6% (64.00 KB / 250.00 KB) | Speed: -- B/s
File: upload: role-a-mode-c.bin
[████████░░░░░░░░░░░░░░░░░░░░░░]  26.0% (65.00 KB / 250.00 KB) | Speed: -- B/s
File: upload: role-a-mode-c.bin
[████████░░░░░░░░░░░░░░░░░░░░░░]  26.4% (66.00 KB / 250.00 KB) | Speed: -- B/s
File: upload: role-a-mode-c.bin
[████████░░░░░░░░░░░░░░░░░░░░░░]  26.8% (67.00 KB / 250.00 KB) | Speed: -- B/s
File: upload: role-a-mode-c.bin
[████████░░░░░░░░░░░░░░░░░░░░░░]  27.2% (68.00 KB / 250.00 KB) | Speed: -- B/s
File: upload: role-a-mode-c.bin
[████████░░░░░░░░░░░░░░░░░░░░░░]  27.6% (69.00 KB / 250.00 KB) | Speed: -- B/s
File: upload: role-a-mode-c.bin
[████████░░░░░░░░░░░░░░░░░░░░░░]  28.0% (70.00 KB / 250.00 KB) | Speed: -- B/s
File: upload: role-a-mode-c.bin
[█████████░░░░░░░░░░░░░░░░░░░░░]  28.4% (71.00 KB / 250.00 KB) | Speed: -- B/s
File: upload: role-a-mode-c.bin
[█████████░░░░░░░░░░░░░░░░░░░░░]  28.8% (72.00 KB / 250.00 KB) | Speed: -- B/s
File: upload: role-a-mode-c.bin
[█████████░░░░░░░░░░░░░░░░░░░░░]  29.2% (73.00 KB / 250.00 KB) | Speed: -- B/s
File: upload: role-a-mode-c.bin
[█████████░░░░░░░░░░░░░░░░░░░░░]  29.6% (74.00 KB / 250.00 KB) | Speed: -- B/s
File: upload: role-a-mode-c.bin
[█████████░░░░░░░░░░░░░░░░░░░░░]  30.0% (75.00 KB / 250.00 KB) | Speed: -- B/s
File: upload: role-a-mode-c.bin
[█████████░░░░░░░░░░░░░░░░░░░░░]  30.4% (76.00 KB / 250.00 KB) | Speed: -- B/s
File: upload: role-a-mode-c.bin
[█████████░░░░░░░░░░░░░░░░░░░░░]  30.8% (77.00 KB / 250.00 KB) | Speed: -- B/s
File: upload: role-a-mode-c.bin
[█████████░░░░░░░░░░░░░░░░░░░░░]  31.2% (78.00 KB / 250.00 KB) | Speed: -- B/s
File: upload: role-a-mode-c.bin
[█████████░░░░░░░░░░░░░░░░░░░░░]  31.6% (79.00 KB / 250.00 KB) | Speed: -- B/s
File: upload: role-a-mode-c.bin
[██████████░░░░░░░░░░░░░░░░░░░░]  32.0% (80.00 KB / 250.00 KB) | Speed: -- B/s
File: upload: role-a-mode-c.bin
[██████████░░░░░░░░░░░░░░░░░░░░]  32.4% (81.00 KB / 250.00 KB) | Speed: -- B/s
File: upload: role-a-mode-c.bin
[██████████░░░░░░░░░░░░░░░░░░░░]  32.8% (82.00 KB / 250.00 KB) | Speed: -- B/s
File: upload: role-a-mode-c.bin
[██████████░░░░░░░░░░░░░░░░░░░░]  33.2% (83.00 KB / 250.00 KB) | Speed: -- B/s
File: upload: role-a-mode-c.bin
[██████████░░░░░░░░░░░░░░░░░░░░]  33.6% (84.00 KB / 250.00 KB) | Speed: -- B/s
File: upload: role-a-mode-c.bin
[██████████░░░░░░░░░░░░░░░░░░░░]  34.0% (85.00 KB / 250.00 KB) | Speed: -- B/s
File: upload: role-a-mode-c.bin
[██████████░░░░░░░░░░░░░░░░░░░░]  34.4% (86.00 KB / 250.00 KB) | Speed: -- B/s
File: upload: role-a-mode-c.bin
[██████████░░░░░░░░░░░░░░░░░░░░]  34.8% (87.00 KB / 250.00 KB) | Speed: -- B/s
File: upload: role-a-mode-c.bin
[███████████░░░░░░░░░░░░░░░░░░░]  35.2% (88.00 KB / 250.00 KB) | Speed: -- B/s
File: upload: role-a-mode-c.bin
[███████████░░░░░░░░░░░░░░░░░░░]  35.6% (89.00 KB / 250.00 KB) | Speed: -- B/s
File: upload: role-a-mode-c.bin
[███████████░░░░░░░░░░░░░░░░░░░]  36.0% (90.00 KB / 250.00 KB) | Speed: -- B/s
File: upload: role-a-mode-c.bin
[███████████░░░░░░░░░░░░░░░░░░░]  36.4% (91.00 KB / 250.00 KB) | Speed: -- B/s
File: upload: role-a-mode-c.bin
[███████████░░░░░░░░░░░░░░░░░░░]  36.8% (92.00 KB / 250.00 KB) | Speed: -- B/s
File: upload: role-a-mode-c.bin
[███████████░░░░░░░░░░░░░░░░░░░]  37.2% (93.00 KB / 250.00 KB) | Speed: -- B/s
File: upload: role-a-mode-c.bin
[███████████░░░░░░░░░░░░░░░░░░░]  37.6% (94.00 KB / 250.00 KB) | Speed: -- B/s
File: upload: role-a-mode-c.bin
[███████████░░░░░░░░░░░░░░░░░░░]  38.0% (95.00 KB / 250.00 KB) | Speed: -- B/s
File: upload: role-a-mode-c.bin
[████████████░░░░░░░░░░░░░░░░░░]  38.4% (96.00 KB / 250.00 KB) | Speed: -- B/s
File: upload: role-a-mode-c.bin
[████████████░░░░░░░░░░░░░░░░░░]  38.8% (97.00 KB / 250.00 KB) | Speed: -- B/s
File: upload: role-a-mode-c.bin
[████████████░░░░░░░░░░░░░░░░░░]  39.2% (98.00 KB / 250.00 KB) | Speed: -- B/s
File: upload: role-a-mode-c.bin
[████████████░░░░░░░░░░░░░░░░░░]  39.6% (99.00 KB / 250.00 KB) | Speed: -- B/s
File: upload: role-a-mode-c.bin
[████████████░░░░░░░░░░░░░░░░░░]  40.0% (100.00 KB / 250.00 KB) | Speed: -- B/s
File: upload: role-a-mode-c.bin
[████████████░░░░░░░░░░░░░░░░░░]  40.4% (101.00 KB / 250.00 KB) | Speed: -- B/s
File: upload: role-a-mode-c.bin
[████████████░░░░░░░░░░░░░░░░░░]  40.8% (102.00 KB / 250.00 KB) | Speed: -- B/s
File: upload: role-a-mode-c.bin
[████████████░░░░░░░░░░░░░░░░░░]  41.2% (103.00 KB / 250.00 KB) | Speed: -- B/s
File: upload: role-a-mode-c.bin
[████████████░░░░░░░░░░░░░░░░░░]  41.6% (104.00 KB / 250.00 KB) | Speed: -- B/s
File: upload: role-a-mode-c.bin
[█████████████░░░░░░░░░░░░░░░░░]  42.0% (105.00 KB / 250.00 KB) | Speed: -- B/s
File: upload: role-a-mode-c.bin
[█████████████░░░░░░░░░░░░░░░░░]  42.4% (106.00 KB / 250.00 KB) | Speed: -- B/s
File: upload: role-a-mode-c.bin
[█████████████░░░░░░░░░░░░░░░░░]  42.8% (107.00 KB / 250.00 KB) | Speed: -- B/s
File: upload: role-a-mode-c.bin
[█████████████░░░░░░░░░░░░░░░░░]  43.2% (108.00 KB / 250.00 KB) | Speed: -- B/s
File: upload: role-a-mode-c.bin
[█████████████░░░░░░░░░░░░░░░░░]  43.6% (109.00 KB / 250.00 KB) | Speed: -- B/s
File: upload: role-a-mode-c.bin
[█████████████░░░░░░░░░░░░░░░░░]  44.0% (110.00 KB / 250.00 KB) | Speed: -- B/s
File: upload: role-a-mode-c.bin
[█████████████░░░░░░░░░░░░░░░░░]  44.4% (111.00 KB / 250.00 KB) | Speed: -- B/s
File: upload: role-a-mode-c.bin
[█████████████░░░░░░░░░░░░░░░░░]  44.8% (112.00 KB / 250.00 KB) | Speed: -- B/s
File: upload: role-a-mode-c.bin
[██████████████░░░░░░░░░░░░░░░░]  45.2% (113.00 KB / 250.00 KB) | Speed: -- B/s
File: upload: role-a-mode-c.bin
[██████████████░░░░░░░░░░░░░░░░]  45.6% (114.00 KB / 250.00 KB) | Speed: -- B/s
File: upload: role-a-mode-c.bin
[██████████████░░░░░░░░░░░░░░░░]  46.0% (115.00 KB / 250.00 KB) | Speed: -- B/s
File: upload: role-a-mode-c.bin
[██████████████░░░░░░░░░░░░░░░░]  46.4% (116.00 KB / 250.00 KB) | Speed: -- B/s
File: upload: role-a-mode-c.bin
[██████████████░░░░░░░░░░░░░░░░]  46.8% (117.00 KB / 250.00 KB) | Speed: -- B/s
File: upload: role-a-mode-c.bin
[██████████████░░░░░░░░░░░░░░░░]  47.2% (118.00 KB / 250.00 KB) | Speed: -- B/s
File: upload: role-a-mode-c.bin
[██████████████░░░░░░░░░░░░░░░░]  47.6% (119.00 KB / 250.00 KB) | Speed: -- B/s
File: upload: role-a-mode-c.bin
[██████████████░░░░░░░░░░░░░░░░]  48.0% (120.00 KB / 250.00 KB) | Speed: -- B/s
File: upload: role-a-mode-c.bin
[███████████████░░░░░░░░░░░░░░░]  48.4% (121.00 KB / 250.00 KB) | Speed: -- B/s
File: upload: role-a-mode-c.bin
[███████████████░░░░░░░░░░░░░░░]  48.8% (122.00 KB / 250.00 KB) | Speed: -- B/s
File: upload: role-a-mode-c.bin
[███████████████░░░░░░░░░░░░░░░]  49.2% (123.00 KB / 250.00 KB) | Speed: -- B/s
File: upload: role-a-mode-c.bin
[███████████████░░░░░░░░░░░░░░░]  49.6% (124.00 KB / 250.00 KB) | Speed: -- B/s
File: upload: role-a-mode-c.bin
[███████████████░░░░░░░░░░░░░░░]  50.0% (125.00 KB / 250.00 KB) | Speed: -- B/s
File: upload: role-a-mode-c.bin
[███████████████░░░░░░░░░░░░░░░]  50.4% (126.00 KB / 250.00 KB) | Speed: -- B/s
File: upload: role-a-mode-c.bin
[███████████████░░░░░░░░░░░░░░░]  50.8% (127.00 KB / 250.00 KB) | Speed: -- B/s
File: upload: role-a-mode-c.bin
[███████████████░░░░░░░░░░░░░░░]  51.2% (128.00 KB / 250.00 KB) | Speed: -- B/s
File: upload: role-a-mode-c.bin
[███████████████░░░░░░░░░░░░░░░]  51.6% (129.00 KB / 250.00 KB) | Speed: -- B/s
File: upload: role-a-mode-c.bin
[████████████████░░░░░░░░░░░░░░]  52.0% (130.00 KB / 250.00 KB) | Speed: -- B/s
File: upload: role-a-mode-c.bin
[████████████████░░░░░░░░░░░░░░]  52.4% (131.00 KB / 250.00 KB) | Speed: -- B/s
File: upload: role-a-mode-c.bin
[████████████████░░░░░░░░░░░░░░]  52.8% (132.00 KB / 250.00 KB) | Speed: -- B/s
File: upload: role-a-mode-c.bin
[████████████████░░░░░░░░░░░░░░]  53.2% (133.00 KB / 250.00 KB) | Speed: -- B/s
File: upload: role-a-mode-c.bin
[████████████████░░░░░░░░░░░░░░]  53.6% (134.00 KB / 250.00 KB) | Speed: -- B/s
File: upload: role-a-mode-c.bin
[████████████████░░░░░░░░░░░░░░]  54.0% (135.00 KB / 250.00 KB) | Speed: -- B/s
File: upload: role-a-mode-c.bin
[████████████████░░░░░░░░░░░░░░]  54.4% (136.00 KB / 250.00 KB) | Speed: -- B/s
File: upload: role-a-mode-c.bin
[████████████████░░░░░░░░░░░░░░]  54.8% (137.00 KB / 250.00 KB) | Speed: -- B/s
File: upload: role-a-mode-c.bin
[█████████████████░░░░░░░░░░░░░]  55.2% (138.00 KB / 250.00 KB) | Speed: -- B/s
File: upload: role-a-mode-c.bin
[█████████████████░░░░░░░░░░░░░]  55.6% (139.00 KB / 250.00 KB) | Speed: -- B/s
File: upload: role-a-mode-c.bin
[█████████████████░░░░░░░░░░░░░]  56.0% (140.00 KB / 250.00 KB) | Speed: -- B/s
File: upload: role-a-mode-c.bin
[█████████████████░░░░░░░░░░░░░]  56.4% (141.00 KB / 250.00 KB) | Speed: -- B/s
File: upload: role-a-mode-c.bin
[█████████████████░░░░░░░░░░░░░]  56.8% (142.00 KB / 250.00 KB) | Speed: -- B/s
File: upload: role-a-mode-c.bin
[█████████████████░░░░░░░░░░░░░]  57.2% (143.00 KB / 250.00 KB) | Speed: -- B/s
File: upload: role-a-mode-c.bin
[█████████████████░░░░░░░░░░░░░]  57.6% (144.00 KB / 250.00 KB) | Speed: -- B/s
File: upload: role-a-mode-c.bin
[█████████████████░░░░░░░░░░░░░]  58.0% (145.00 KB / 250.00 KB) | Speed: -- B/s
File: upload: role-a-mode-c.bin
[██████████████████░░░░░░░░░░░░]  58.4% (146.00 KB / 250.00 KB) | Speed: -- B/s
File: upload: role-a-mode-c.bin
[██████████████████░░░░░░░░░░░░]  58.8% (147.00 KB / 250.00 KB) | Speed: -- B/s
File: upload: role-a-mode-c.bin
[██████████████████░░░░░░░░░░░░]  59.2% (148.00 KB / 250.00 KB) | Speed: -- B/s
File: upload: role-a-mode-c.bin
[██████████████████░░░░░░░░░░░░]  59.6% (149.00 KB / 250.00 KB) | Speed: -- B/s
File: upload: role-a-mode-c.bin
[██████████████████░░░░░░░░░░░░]  60.0% (150.00 KB / 250.00 KB) | Speed: -- B/s
File: upload: role-a-mode-c.bin
[██████████████████░░░░░░░░░░░░]  60.4% (151.00 KB / 250.00 KB) | Speed: -- B/s
File: upload: role-a-mode-c.bin
[██████████████████░░░░░░░░░░░░]  60.8% (152.00 KB / 250.00 KB) | Speed: -- B/s
File: upload: role-a-mode-c.bin
[██████████████████░░░░░░░░░░░░]  61.2% (153.00 KB / 250.00 KB) | Speed: -- B/s
File: upload: role-a-mode-c.bin
[██████████████████░░░░░░░░░░░░]  61.6% (154.00 KB / 250.00 KB) | Speed: -- B/s
File: upload: role-a-mode-c.bin
[███████████████████░░░░░░░░░░░]  62.0% (155.00 KB / 250.00 KB) | Speed: -- B/s
File: upload: role-a-mode-c.bin
[███████████████████░░░░░░░░░░░]  62.4% (156.00 KB / 250.00 KB) | Speed: -- B/s
File: upload: role-a-mode-c.bin
[███████████████████░░░░░░░░░░░]  62.8% (157.00 KB / 250.00 KB) | Speed: -- B/s
File: upload: role-a-mode-c.bin
[███████████████████░░░░░░░░░░░]  63.2% (158.00 KB / 250.00 KB) | Speed: -- B/s
File: upload: role-a-mode-c.bin
[███████████████████░░░░░░░░░░░]  63.6% (159.00 KB / 250.00 KB) | Speed: -- B/s
File: upload: role-a-mode-c.bin
[███████████████████░░░░░░░░░░░]  64.0% (160.00 KB / 250.00 KB) | Speed: -- B/s
File: upload: role-a-mode-c.bin
[███████████████████░░░░░░░░░░░]  64.4% (161.00 KB / 250.00 KB) | Speed: -- B/s
File: upload: role-a-mode-c.bin
[███████████████████░░░░░░░░░░░]  64.8% (162.00 KB / 250.00 KB) | Speed: -- B/s
File: upload: role-a-mode-c.bin
[████████████████████░░░░░░░░░░]  65.2% (163.00 KB / 250.00 KB) | Speed: -- B/s
File: upload: role-a-mode-c.bin
[████████████████████░░░░░░░░░░]  65.6% (164.00 KB / 250.00 KB) | Speed: -- B/s
File: upload: role-a-mode-c.bin
[████████████████████░░░░░░░░░░]  66.0% (165.00 KB / 250.00 KB) | Speed: -- B/s
File: upload: role-a-mode-c.bin
[████████████████████░░░░░░░░░░]  66.4% (166.00 KB / 250.00 KB) | Speed: -- B/s
File: upload: role-a-mode-c.bin
[████████████████████░░░░░░░░░░]  66.8% (167.00 KB / 250.00 KB) | Speed: -- B/s
File: upload: role-a-mode-c.bin
[████████████████████░░░░░░░░░░]  67.2% (168.00 KB / 250.00 KB) | Speed: -- B/s
File: upload: role-a-mode-c.bin
[████████████████████░░░░░░░░░░]  67.6% (169.00 KB / 250.00 KB) | Speed: -- B/s
File: upload: role-a-mode-c.bin
[████████████████████░░░░░░░░░░]  68.0% (170.00 KB / 250.00 KB) | Speed: -- B/s
File: upload: role-a-mode-c.bin
[█████████████████████░░░░░░░░░]  68.4% (171.00 KB / 250.00 KB) | Speed: -- B/s
File: upload: role-a-mode-c.bin
[█████████████████████░░░░░░░░░]  68.8% (172.00 KB / 250.00 KB) | Speed: -- B/s
File: upload: role-a-mode-c.bin
[█████████████████████░░░░░░░░░]  69.2% (173.00 KB / 250.00 KB) | Speed: -- B/s
File: upload: role-a-mode-c.bin
[█████████████████████░░░░░░░░░]  69.6% (174.00 KB / 250.00 KB) | Speed: -- B/s
File: upload: role-a-mode-c.bin
[█████████████████████░░░░░░░░░]  70.0% (175.00 KB / 250.00 KB) | Speed: -- B/s
File: upload: role-a-mode-c.bin
[█████████████████████░░░░░░░░░]  70.4% (176.00 KB / 250.00 KB) | Speed: -- B/s
File: upload: role-a-mode-c.bin
[█████████████████████░░░░░░░░░]  70.8% (177.00 KB / 250.00 KB) | Speed: -- B/s
File: upload: role-a-mode-c.bin
[█████████████████████░░░░░░░░░]  71.2% (178.00 KB / 250.00 KB) | Speed: -- B/s
File: upload: role-a-mode-c.bin
[█████████████████████░░░░░░░░░]  71.6% (179.00 KB / 250.00 KB) | Speed: -- B/s
File: upload: role-a-mode-c.bin
[██████████████████████░░░░░░░░]  72.0% (180.00 KB / 250.00 KB) | Speed: -- B/s
File: upload: role-a-mode-c.bin
[██████████████████████░░░░░░░░]  72.4% (181.00 KB / 250.00 KB) | Speed: -- B/s
File: upload: role-a-mode-c.bin
[██████████████████████░░░░░░░░]  72.8% (182.00 KB / 250.00 KB) | Speed: -- B/s
File: upload: role-a-mode-c.bin
[██████████████████████░░░░░░░░]  73.2% (183.00 KB / 250.00 KB) | Speed: -- B/s
File: upload: role-a-mode-c.bin
[██████████████████████░░░░░░░░]  73.6% (184.00 KB / 250.00 KB) | Speed: -- B/s
File: upload: role-a-mode-c.bin
[██████████████████████░░░░░░░░]  74.0% (185.00 KB / 250.00 KB) | Speed: -- B/s
File: upload: role-a-mode-c.bin
[██████████████████████░░░░░░░░]  74.4% (186.00 KB / 250.00 KB) | Speed: -- B/s
File: upload: role-a-mode-c.bin
[██████████████████████░░░░░░░░]  74.8% (187.00 KB / 250.00 KB) | Speed: -- B/s
File: upload: role-a-mode-c.bin
[███████████████████████░░░░░░░]  75.2% (188.00 KB / 250.00 KB) | Speed: -- B/s
File: upload: role-a-mode-c.bin
[███████████████████████░░░░░░░]  75.6% (189.00 KB / 250.00 KB) | Speed: -- B/s
File: upload: role-a-mode-c.bin
[███████████████████████░░░░░░░]  76.0% (190.00 KB / 250.00 KB) | Speed: -- B/s
File: upload: role-a-mode-c.bin
[███████████████████████░░░░░░░]  76.4% (191.00 KB / 250.00 KB) | Speed: -- B/s
File: upload: role-a-mode-c.bin
[███████████████████████░░░░░░░]  76.8% (192.00 KB / 250.00 KB) | Speed: -- B/s
File: upload: role-a-mode-c.bin
[███████████████████████░░░░░░░]  77.2% (193.00 KB / 250.00 KB) | Speed: -- B/s
File: upload: role-a-mode-c.bin
[███████████████████████░░░░░░░]  77.6% (194.00 KB / 250.00 KB) | Speed: -- B/s
File: upload: role-a-mode-c.bin
[███████████████████████░░░░░░░]  78.0% (195.00 KB / 250.00 KB) | Speed: -- B/s
File: upload: role-a-mode-c.bin
[████████████████████████░░░░░░]  78.4% (196.00 KB / 250.00 KB) | Speed: -- B/s
File: upload: role-a-mode-c.bin
[████████████████████████░░░░░░]  78.8% (197.00 KB / 250.00 KB) | Speed: -- B/s
File: upload: role-a-mode-c.bin
[████████████████████████░░░░░░]  79.2% (198.00 KB / 250.00 KB) | Speed: -- B/s
File: upload: role-a-mode-c.bin
[████████████████████████░░░░░░]  79.6% (199.00 KB / 250.00 KB) | Speed: -- B/s
File: upload: role-a-mode-c.bin
[████████████████████████░░░░░░]  80.0% (200.00 KB / 250.00 KB) | Speed: -- B/s
File: upload: role-a-mode-c.bin
[████████████████████████░░░░░░]  80.4% (201.00 KB / 250.00 KB) | Speed: -- B/s
File: upload: role-a-mode-c.bin
[████████████████████████░░░░░░]  80.8% (202.00 KB / 250.00 KB) | Speed: -- B/s
File: upload: role-a-mode-c.bin
[████████████████████████░░░░░░]  81.2% (203.00 KB / 250.00 KB) | Speed: -- B/s
File: upload: role-a-mode-c.bin
[████████████████████████░░░░░░]  81.6% (204.00 KB / 250.00 KB) | Speed: -- B/s
File: upload: role-a-mode-c.bin
[█████████████████████████░░░░░]  82.0% (205.00 KB / 250.00 KB) | Speed: -- B/s
File: upload: role-a-mode-c.bin
[█████████████████████████░░░░░]  82.4% (206.00 KB / 250.00 KB) | Speed: -- B/s
File: upload: role-a-mode-c.bin
[█████████████████████████░░░░░]  82.8% (207.00 KB / 250.00 KB) | Speed: -- B/s
File: upload: role-a-mode-c.bin
[█████████████████████████░░░░░]  83.2% (208.00 KB / 250.00 KB) | Speed: -- B/s
File: upload: role-a-mode-c.bin
[█████████████████████████░░░░░]  83.6% (209.00 KB / 250.00 KB) | Speed: -- B/s
File: upload: role-a-mode-c.bin
[█████████████████████████░░░░░]  84.0% (210.00 KB / 250.00 KB) | Speed: -- B/s
File: upload: role-a-mode-c.bin
[█████████████████████████░░░░░]  84.4% (211.00 KB / 250.00 KB) | Speed: -- B/s
File: upload: role-a-mode-c.bin
[█████████████████████████░░░░░]  84.8% (212.00 KB / 250.00 KB) | Speed: -- B/s
File: upload: role-a-mode-c.bin
[██████████████████████████░░░░]  85.2% (213.00 KB / 250.00 KB) | Speed: -- B/s
File: upload: role-a-mode-c.bin
[██████████████████████████░░░░]  85.6% (214.00 KB / 250.00 KB) | Speed: -- B/s
File: upload: role-a-mode-c.bin
[██████████████████████████░░░░]  86.0% (215.00 KB / 250.00 KB) | Speed: -- B/s
File: upload: role-a-mode-c.bin
[██████████████████████████░░░░]  86.4% (216.00 KB / 250.00 KB) | Speed: -- B/s
File: upload: role-a-mode-c.bin
[██████████████████████████░░░░]  86.8% (217.00 KB / 250.00 KB) | Speed: -- B/s
File: upload: role-a-mode-c.bin
[██████████████████████████░░░░]  87.2% (218.00 KB / 250.00 KB) | Speed: -- B/s
File: upload: role-a-mode-c.bin
[██████████████████████████░░░░]  87.6% (219.00 KB / 250.00 KB) | Speed: -- B/s
File: upload: role-a-mode-c.bin
[██████████████████████████░░░░]  88.0% (220.00 KB / 250.00 KB) | Speed: -- B/s
File: upload: role-a-mode-c.bin
[███████████████████████████░░░]  88.4% (221.00 KB / 250.00 KB) | Speed: -- B/s
File: upload: role-a-mode-c.bin
[███████████████████████████░░░]  88.8% (222.00 KB / 250.00 KB) | Speed: -- B/s
File: upload: role-a-mode-c.bin
[███████████████████████████░░░]  89.2% (223.00 KB / 250.00 KB) | Speed: -- B/s
File: upload: role-a-mode-c.bin
[███████████████████████████░░░]  89.6% (224.00 KB / 250.00 KB) | Speed: -- B/s
File: upload: role-a-mode-c.bin
[███████████████████████████░░░]  90.0% (225.00 KB / 250.00 KB) | Speed: -- B/s
File: upload: role-a-mode-c.bin
[███████████████████████████░░░]  90.4% (226.00 KB / 250.00 KB) | Speed: -- B/s
File: upload: role-a-mode-c.bin
[███████████████████████████░░░]  90.8% (227.00 KB / 250.00 KB) | Speed: -- B/s
File: upload: role-a-mode-c.bin
[███████████████████████████░░░]  91.2% (228.00 KB / 250.00 KB) | Speed: -- B/s
File: upload: role-a-mode-c.bin
[███████████████████████████░░░]  91.6% (229.00 KB / 250.00 KB) | Speed: -- B/s
File: upload: role-a-mode-c.bin
[████████████████████████████░░]  92.0% (230.00 KB / 250.00 KB) | Speed: -- B/s
File: upload: role-a-mode-c.bin
[████████████████████████████░░]  92.4% (231.00 KB / 250.00 KB) | Speed: -- B/s
File: upload: role-a-mode-c.bin
[████████████████████████████░░]  92.8% (232.00 KB / 250.00 KB) | Speed: -- B/s
File: upload: role-a-mode-c.bin
[████████████████████████████░░]  93.2% (233.00 KB / 250.00 KB) | Speed: -- B/s
File: upload: role-a-mode-c.bin
[████████████████████████████░░]  93.6% (234.00 KB / 250.00 KB) | Speed: -- B/s
File: upload: role-a-mode-c.bin
[████████████████████████████░░]  94.0% (235.00 KB / 250.00 KB) | Speed: -- B/s
File: upload: role-a-mode-c.bin
[████████████████████████████░░]  94.4% (236.00 KB / 250.00 KB) | Speed: -- B/s
File: upload: role-a-mode-c.bin
[████████████████████████████░░]  94.8% (237.00 KB / 250.00 KB) | Speed: -- B/s
File: upload: role-a-mode-c.bin
[█████████████████████████████░]  95.2% (238.00 KB / 250.00 KB) | Speed: -- B/s
File: upload: role-a-mode-c.bin
[█████████████████████████████░]  95.6% (239.00 KB / 250.00 KB) | Speed: -- B/s
File: upload: role-a-mode-c.bin
[█████████████████████████████░]  96.0% (240.00 KB / 250.00 KB) | Speed: -- B/s
File: upload: role-a-mode-c.bin
[█████████████████████████████░]  96.4% (241.00 KB / 250.00 KB) | Speed: -- B/s
File: upload: role-a-mode-c.bin
[█████████████████████████████░]  96.8% (242.00 KB / 250.00 KB) | Speed: -- B/s
File: upload: role-a-mode-c.bin
[█████████████████████████████░]  97.2% (243.00 KB / 250.00 KB) | Speed: -- B/s
File: upload: role-a-mode-c.bin
[█████████████████████████████░]  97.6% (244.00 KB / 250.00 KB) | Speed: -- B/s
File: upload: role-a-mode-c.bin
[█████████████████████████████░]  98.0% (245.00 KB / 250.00 KB) | Speed: -- B/s
File: upload: role-a-mode-c.bin
[██████████████████████████████]  98.4% (246.00 KB / 250.00 KB) | Speed: -- B/s
File: upload: role-a-mode-c.bin
[██████████████████████████████]  98.8% (247.00 KB / 250.00 KB) | Speed: -- B/s
File: upload: role-a-mode-c.bin
[██████████████████████████████]  99.2% (248.00 KB / 250.00 KB) | Speed: -- B/s
File: upload: role-a-mode-c.bin
[██████████████████████████████]  99.6% (249.00 KB / 250.00 KB) | Speed: -- B/s
File: upload: role-a-mode-c.bin
[██████████████████████████████] 100.0% (250.00 KB / 250.00 KB) | Speed: -- B/s
[RDT][Start] File size: 256000 bytes
File: download: role-a-mode-c.bin
[░░░░░░░░░░░░░░░░░░░░░░░░░░░░░░]   0.0% (127 B / 250.00 KB) | Speed: -- B/s
File: download: role-a-mode-c.bin
[░░░░░░░░░░░░░░░░░░░░░░░░░░░░░░]   0.1% (254 B / 250.00 KB) | Speed: -- B/s
File: download: role-a-mode-c.bin
[░░░░░░░░░░░░░░░░░░░░░░░░░░░░░░]   0.1% (381 B / 250.00 KB) | Speed: -- B/s
File: download: role-a-mode-c.bin
[░░░░░░░░░░░░░░░░░░░░░░░░░░░░░░]   0.2% (508 B / 250.00 KB) | Speed: -- B/s
File: download: role-a-mode-c.bin
[░░░░░░░░░░░░░░░░░░░░░░░░░░░░░░]   0.2% (635 B / 250.00 KB) | Speed: -- B/s
File: download: role-a-mode-c.bin
[░░░░░░░░░░░░░░░░░░░░░░░░░░░░░░]   0.3% (762 B / 250.00 KB) | Speed: -- B/s
File: download: role-a-mode-c.bin
[░░░░░░░░░░░░░░░░░░░░░░░░░░░░░░]   0.3% (889 B / 250.00 KB) | Speed: -- B/s
File: download: role-a-mode-c.bin
[░░░░░░░░░░░░░░░░░░░░░░░░░░░░░░]   0.4% (1016 B / 250.00 KB) | Speed: -- B/s
File: download: role-a-mode-c.bin
[░░░░░░░░░░░░░░░░░░░░░░░░░░░░░░]   0.4% (1.12 KB / 250.00 KB) | Speed: -- B/s
File: download: role-a-mode-c.bin
[░░░░░░░░░░░░░░░░░░░░░░░░░░░░░░]   0.5% (1.24 KB / 250.00 KB) | Speed: -- B/s
File: download: role-a-mode-c.bin
[░░░░░░░░░░░░░░░░░░░░░░░░░░░░░░]   0.5% (1.36 KB / 250.00 KB) | Speed: -- B/s
File: download: role-a-mode-c.bin
[░░░░░░░░░░░░░░░░░░░░░░░░░░░░░░]   0.6% (1.49 KB / 250.00 KB) | Speed: -- B/s
File: download: role-a-mode-c.bin
[░░░░░░░░░░░░░░░░░░░░░░░░░░░░░░]   0.6% (1.61 KB / 250.00 KB) | Speed: -- B/s
File: download: role-a-mode-c.bin
[░░░░░░░░░░░░░░░░░░░░░░░░░░░░░░]   0.7% (1.74 KB / 250.00 KB) | Speed: -- B/s
File: download: role-a-mode-c.bin
[░░░░░░░░░░░░░░░░░░░░░░░░░░░░░░]   0.7% (1.86 KB / 250.00 KB) | Speed: -- B/s
File: download: role-a-mode-c.bin
[░░░░░░░░░░░░░░░░░░░░░░░░░░░░░░]   0.8% (1.98 KB / 250.00 KB) | Speed: -- B/s
File: download: role-a-mode-c.bin
[░░░░░░░░░░░░░░░░░░░░░░░░░░░░░░]   0.8% (2.11 KB / 250.00 KB) | Speed: -- B/s
File: download: role-a-mode-c.bin
[░░░░░░░░░░░░░░░░░░░░░░░░░░░░░░]   0.9% (2.23 KB / 250.00 KB) | Speed: -- B/s
File: download: role-a-mode-c.bin
[░░░░░░░░░░░░░░░░░░░░░░░░░░░░░░]   0.9% (2.36 KB / 250.00 KB) | Speed: -- B/s
File: download: role-a-mode-c.bin
[░░░░░░░░░░░░░░░░░░░░░░░░░░░░░░]   1.0% (2.48 KB / 250.00 KB) | Speed: -- B/s
File: download: role-a-mode-c.bin
[░░░░░░░░░░░░░░░░░░░░░░░░░░░░░░]   1.0% (2.60 KB / 250.00 KB) | Speed: -- B/s
File: download: role-a-mode-c.bin
[░░░░░░░░░░░░░░░░░░░░░░░░░░░░░░]   1.1% (2.73 KB / 250.00 KB) | Speed: -- B/s
File: download: role-a-mode-c.bin
[░░░░░░░░░░░░░░░░░░░░░░░░░░░░░░]   1.1% (2.85 KB / 250.00 KB) | Speed: -- B/s
File: download: role-a-mode-c.bin
[░░░░░░░░░░░░░░░░░░░░░░░░░░░░░░]   1.2% (2.98 KB / 250.00 KB) | Speed: -- B/s
File: download: role-a-mode-c.bin
[░░░░░░░░░░░░░░░░░░░░░░░░░░░░░░]   1.2% (3.10 KB / 250.00 KB) | Speed: -- B/s
File: download: role-a-mode-c.bin
[░░░░░░░░░░░░░░░░░░░░░░░░░░░░░░]   1.3% (3.22 KB / 250.00 KB) | Speed: -- B/s
File: download: role-a-mode-c.bin
[░░░░░░░░░░░░░░░░░░░░░░░░░░░░░░]   1.3% (3.35 KB / 250.00 KB) | Speed: -- B/s
File: download: role-a-mode-c.bin
[░░░░░░░░░░░░░░░░░░░░░░░░░░░░░░]   1.4% (3.47 KB / 250.00 KB) | Speed: -- B/s
File: download: role-a-mode-c.bin
[░░░░░░░░░░░░░░░░░░░░░░░░░░░░░░]   1.4% (3.60 KB / 250.00 KB) | Speed: -- B/s
File: download: role-a-mode-c.bin
[░░░░░░░░░░░░░░░░░░░░░░░░░░░░░░]   1.5% (3.72 KB / 250.00 KB) | Speed: -- B/s
File: download: role-a-mode-c.bin
[░░░░░░░░░░░░░░░░░░░░░░░░░░░░░░]   1.5% (3.84 KB / 250.00 KB) | Speed: -- B/s
File: download: role-a-mode-c.bin
[░░░░░░░░░░░░░░░░░░░░░░░░░░░░░░]   1.6% (3.97 KB / 250.00 KB) | Speed: -- B/s
File: download: role-a-mode-c.bin
[░░░░░░░░░░░░░░░░░░░░░░░░░░░░░░]   1.6% (4.09 KB / 250.00 KB) | Speed: -- B/s
File: download: role-a-mode-c.bin
[█░░░░░░░░░░░░░░░░░░░░░░░░░░░░░]   1.7% (4.22 KB / 250.00 KB) | Speed: -- B/s
File: download: role-a-mode-c.bin
[█░░░░░░░░░░░░░░░░░░░░░░░░░░░░░]   1.7% (4.34 KB / 250.00 KB) | Speed: -- B/s
File: download: role-a-mode-c.bin
[█░░░░░░░░░░░░░░░░░░░░░░░░░░░░░]   1.8% (4.46 KB / 250.00 KB) | Speed: -- B/s
File: download: role-a-mode-c.bin
[█░░░░░░░░░░░░░░░░░░░░░░░░░░░░░]   1.8% (4.59 KB / 250.00 KB) | Speed: -- B/s
File: download: role-a-mode-c.bin
[█░░░░░░░░░░░░░░░░░░░░░░░░░░░░░]   1.9% (4.71 KB / 250.00 KB) | Speed: -- B/s
File: download: role-a-mode-c.bin
[█░░░░░░░░░░░░░░░░░░░░░░░░░░░░░]   1.9% (4.84 KB / 250.00 KB) | Speed: -- B/s
File: download: role-a-mode-c.bin
[█░░░░░░░░░░░░░░░░░░░░░░░░░░░░░]   2.0% (4.96 KB / 250.00 KB) | Speed: -- B/s
File: download: role-a-mode-c.bin
[█░░░░░░░░░░░░░░░░░░░░░░░░░░░░░]   2.0% (5.08 KB / 250.00 KB) | Speed: -- B/s
File: download: role-a-mode-c.bin
[█░░░░░░░░░░░░░░░░░░░░░░░░░░░░░]   2.1% (5.21 KB / 250.00 KB) | Speed: -- B/s
File: download: role-a-mode-c.bin
[█░░░░░░░░░░░░░░░░░░░░░░░░░░░░░]   2.1% (5.33 KB / 250.00 KB) | Speed: -- B/s
File: download: role-a-mode-c.bin
[█░░░░░░░░░░░░░░░░░░░░░░░░░░░░░]   2.2% (5.46 KB / 250.00 KB) | Speed: -- B/s
File: download: role-a-mode-c.bin
[█░░░░░░░░░░░░░░░░░░░░░░░░░░░░░]   2.2% (5.58 KB / 250.00 KB) | Speed: -- B/s
File: download: role-a-mode-c.bin
[█░░░░░░░░░░░░░░░░░░░░░░░░░░░░░]   2.3% (5.71 KB / 250.00 KB) | Speed: -- B/s
File: download: role-a-mode-c.bin
[█░░░░░░░░░░░░░░░░░░░░░░░░░░░░░]   2.3% (5.83 KB / 250.00 KB) | Speed: -- B/s
File: download: role-a-mode-c.bin
[█░░░░░░░░░░░░░░░░░░░░░░░░░░░░░]   2.4% (5.95 KB / 250.00 KB) | Speed: -- B/s
File: download: role-a-mode-c.bin
[█░░░░░░░░░░░░░░░░░░░░░░░░░░░░░]   2.4% (6.08 KB / 250.00 KB) | Speed: -- B/s
File: download: role-a-mode-c.bin
[█░░░░░░░░░░░░░░░░░░░░░░░░░░░░░]   2.5% (6.20 KB / 250.00 KB) | Speed: -- B/s
File: download: role-a-mode-c.bin
[█░░░░░░░░░░░░░░░░░░░░░░░░░░░░░]   2.5% (6.33 KB / 250.00 KB) | Speed: -- B/s
File: download: role-a-mode-c.bin
[█░░░░░░░░░░░░░░░░░░░░░░░░░░░░░]   2.6% (6.45 KB / 250.00 KB) | Speed: -- B/s
File: download: role-a-mode-c.bin
[█░░░░░░░░░░░░░░░░░░░░░░░░░░░░░]   2.6% (6.57 KB / 250.00 KB) | Speed: -- B/s
File: download: role-a-mode-c.bin
[█░░░░░░░░░░░░░░░░░░░░░░░░░░░░░]   2.7% (6.70 KB / 250.00 KB) | Speed: -- B/s
File: download: role-a-mode-c.bin
[█░░░░░░░░░░░░░░░░░░░░░░░░░░░░░]   2.7% (6.82 KB / 250.00 KB) | Speed: -- B/s
File: download: role-a-mode-c.bin
[█░░░░░░░░░░░░░░░░░░░░░░░░░░░░░]   2.8% (6.95 KB / 250.00 KB) | Speed: -- B/s
File: download: role-a-mode-c.bin
[█░░░░░░░░░░░░░░░░░░░░░░░░░░░░░]   2.8% (7.07 KB / 250.00 KB) | Speed: -- B/s
File: download: role-a-mode-c.bin
[█░░░░░░░░░░░░░░░░░░░░░░░░░░░░░]   2.9% (7.19 KB / 250.00 KB) | Speed: -- B/s
File: download: role-a-mode-c.bin
[█░░░░░░░░░░░░░░░░░░░░░░░░░░░░░]   2.9% (7.32 KB / 250.00 KB) | Speed: -- B/s
File: download: role-a-mode-c.bin
[█░░░░░░░░░░░░░░░░░░░░░░░░░░░░░]   3.0% (7.44 KB / 250.00 KB) | Speed: -- B/s
File: download: role-a-mode-c.bin
[█░░░░░░░░░░░░░░░░░░░░░░░░░░░░░]   3.0% (7.57 KB / 250.00 KB) | Speed: -- B/s
File: download: role-a-mode-c.bin
[█░░░░░░░░░░░░░░░░░░░░░░░░░░░░░]   3.1% (7.69 KB / 250.00 KB) | Speed: -- B/s
File: download: role-a-mode-c.bin
[█░░░░░░░░░░░░░░░░░░░░░░░░░░░░░]   3.1% (7.81 KB / 250.00 KB) | Speed: -- B/s
File: download: role-a-mode-c.bin
[█░░░░░░░░░░░░░░░░░░░░░░░░░░░░░]   3.2% (7.94 KB / 250.00 KB) | Speed: -- B/s
File: download: role-a-mode-c.bin
[█░░░░░░░░░░░░░░░░░░░░░░░░░░░░░]   3.2% (8.06 KB / 250.00 KB) | Speed: -- B/s
File: download: role-a-mode-c.bin
[█░░░░░░░░░░░░░░░░░░░░░░░░░░░░░]   3.3% (8.19 KB / 250.00 KB) | Speed: -- B/s
File: download: role-a-mode-c.bin
[█░░░░░░░░░░░░░░░░░░░░░░░░░░░░░]   3.3% (8.31 KB / 250.00 KB) | Speed: -- B/s
File: download: role-a-mode-c.bin
[█░░░░░░░░░░░░░░░░░░░░░░░░░░░░░]   3.4% (8.43 KB / 250.00 KB) | Speed: -- B/s
File: download: role-a-mode-c.bin
[█░░░░░░░░░░░░░░░░░░░░░░░░░░░░░]   3.4% (8.56 KB / 250.00 KB) | Speed: -- B/s
File: download: role-a-mode-c.bin
[█░░░░░░░░░░░░░░░░░░░░░░░░░░░░░]   3.5% (8.68 KB / 250.00 KB) | Speed: -- B/s
File: download: role-a-mode-c.bin
[█░░░░░░░░░░░░░░░░░░░░░░░░░░░░░]   3.5% (8.81 KB / 250.00 KB) | Speed: -- B/s
File: download: role-a-mode-c.bin
[█░░░░░░░░░░░░░░░░░░░░░░░░░░░░░]   3.6% (8.93 KB / 250.00 KB) | Speed: -- B/s
File: download: role-a-mode-c.bin
[█░░░░░░░░░░░░░░░░░░░░░░░░░░░░░]   3.6% (9.05 KB / 250.00 KB) | Speed: -- B/s
File: download: role-a-mode-c.bin
[█░░░░░░░░░░░░░░░░░░░░░░░░░░░░░]   3.7% (9.18 KB / 250.00 KB) | Speed: -- B/s
File: download: role-a-mode-c.bin
[█░░░░░░░░░░░░░░░░░░░░░░░░░░░░░]   3.7% (9.30 KB / 250.00 KB) | Speed: -- B/s
File: download: role-a-mode-c.bin
[█░░░░░░░░░░░░░░░░░░░░░░░░░░░░░]   3.8% (9.43 KB / 250.00 KB) | Speed: -- B/s
File: download: role-a-mode-c.bin
[█░░░░░░░░░░░░░░░░░░░░░░░░░░░░░]   3.8% (9.55 KB / 250.00 KB) | Speed: -- B/s
File: download: role-a-mode-c.bin
[█░░░░░░░░░░░░░░░░░░░░░░░░░░░░░]   3.9% (9.67 KB / 250.00 KB) | Speed: -- B/s
File: download: role-a-mode-c.bin
[█░░░░░░░░░░░░░░░░░░░░░░░░░░░░░]   3.9% (9.80 KB / 250.00 KB) | Speed: -- B/s
File: download: role-a-mode-c.bin
[█░░░░░░░░░░░░░░░░░░░░░░░░░░░░░]   4.0% (9.92 KB / 250.00 KB) | Speed: -- B/s
File: download: role-a-mode-c.bin
[█░░░░░░░░░░░░░░░░░░░░░░░░░░░░░]   4.0% (10.05 KB / 250.00 KB) | Speed: -- B/s
File: download: role-a-mode-c.bin
[█░░░░░░░░░░░░░░░░░░░░░░░░░░░░░]   4.1% (10.17 KB / 250.00 KB) | Speed: -- B/s
File: download: role-a-mode-c.bin
[█░░░░░░░░░░░░░░░░░░░░░░░░░░░░░]   4.1% (10.29 KB / 250.00 KB) | Speed: -- B/s
File: download: role-a-mode-c.bin
[█░░░░░░░░░░░░░░░░░░░░░░░░░░░░░]   4.2% (10.42 KB / 250.00 KB) | Speed: -- B/s
File: download: role-a-mode-c.bin
[█░░░░░░░░░░░░░░░░░░░░░░░░░░░░░]   4.2% (10.54 KB / 250.00 KB) | Speed: -- B/s
File: download: role-a-mode-c.bin
[█░░░░░░░░░░░░░░░░░░░░░░░░░░░░░]   4.3% (10.67 KB / 250.00 KB) | Speed: -- B/s
File: download: role-a-mode-c.bin
[█░░░░░░░░░░░░░░░░░░░░░░░░░░░░░]   4.3% (10.79 KB / 250.00 KB) | Speed: -- B/s
File: download: role-a-mode-c.bin
[█░░░░░░░░░░░░░░░░░░░░░░░░░░░░░]   4.4% (10.91 KB / 250.00 KB) | Speed: -- B/s
File: download: role-a-mode-c.bin
[█░░░░░░░░░░░░░░░░░░░░░░░░░░░░░]   4.4% (11.04 KB / 250.00 KB) | Speed: -- B/s
File: download: role-a-mode-c.bin
[█░░░░░░░░░░░░░░░░░░░░░░░░░░░░░]   4.5% (11.16 KB / 250.00 KB) | Speed: -- B/s
File: download: role-a-mode-c.bin
[█░░░░░░░░░░░░░░░░░░░░░░░░░░░░░]   4.5% (11.29 KB / 250.00 KB) | Speed: -- B/s
File: download: role-a-mode-c.bin
[█░░░░░░░░░░░░░░░░░░░░░░░░░░░░░]   4.6% (11.41 KB / 250.00 KB) | Speed: -- B/s
File: download: role-a-mode-c.bin
[█░░░░░░░░░░░░░░░░░░░░░░░░░░░░░]   4.6% (11.53 KB / 250.00 KB) | Speed: -- B/s
File: download: role-a-mode-c.bin
[█░░░░░░░░░░░░░░░░░░░░░░░░░░░░░]   4.7% (11.66 KB / 250.00 KB) | Speed: -- B/s
File: download: role-a-mode-c.bin
[█░░░░░░░░░░░░░░░░░░░░░░░░░░░░░]   4.7% (11.78 KB / 250.00 KB) | Speed: -- B/s
File: download: role-a-mode-c.bin
[█░░░░░░░░░░░░░░░░░░░░░░░░░░░░░]   4.8% (11.91 KB / 250.00 KB) | Speed: -- B/s
File: download: role-a-mode-c.bin
[█░░░░░░░░░░░░░░░░░░░░░░░░░░░░░]   4.8% (12.03 KB / 250.00 KB) | Speed: -- B/s
File: download: role-a-mode-c.bin
[█░░░░░░░░░░░░░░░░░░░░░░░░░░░░░]   4.9% (12.15 KB / 250.00 KB) | Speed: -- B/s
File: download: role-a-mode-c.bin
[█░░░░░░░░░░░░░░░░░░░░░░░░░░░░░]   4.9% (12.28 KB / 250.00 KB) | Speed: -- B/s
File: download: role-a-mode-c.bin
[█░░░░░░░░░░░░░░░░░░░░░░░░░░░░░]   5.0% (12.40 KB / 250.00 KB) | Speed: -- B/s
File: download: role-a-mode-c.bin
[██░░░░░░░░░░░░░░░░░░░░░░░░░░░░]   5.0% (12.53 KB / 250.00 KB) | Speed: -- B/s
File: download: role-a-mode-c.bin
[██░░░░░░░░░░░░░░░░░░░░░░░░░░░░]   5.1% (12.65 KB / 250.00 KB) | Speed: -- B/s
File: download: role-a-mode-c.bin
[██░░░░░░░░░░░░░░░░░░░░░░░░░░░░]   5.1% (12.77 KB / 250.00 KB) | Speed: -- B/s
File: download: role-a-mode-c.bin
[██░░░░░░░░░░░░░░░░░░░░░░░░░░░░]   5.2% (12.90 KB / 250.00 KB) | Speed: -- B/s
File: download: role-a-mode-c.bin
[██░░░░░░░░░░░░░░░░░░░░░░░░░░░░]   5.2% (13.02 KB / 250.00 KB) | Speed: -- B/s
File: download: role-a-mode-c.bin
[██░░░░░░░░░░░░░░░░░░░░░░░░░░░░]   5.3% (13.15 KB / 250.00 KB) | Speed: -- B/s
File: download: role-a-mode-c.bin
[██░░░░░░░░░░░░░░░░░░░░░░░░░░░░]   5.3% (13.27 KB / 250.00 KB) | Speed: -- B/s
File: download: role-a-mode-c.bin
[██░░░░░░░░░░░░░░░░░░░░░░░░░░░░]   5.4% (13.39 KB / 250.00 KB) | Speed: -- B/s
File: download: role-a-mode-c.bin
[██░░░░░░░░░░░░░░░░░░░░░░░░░░░░]   5.4% (13.52 KB / 250.00 KB) | Speed: -- B/s
File: download: role-a-mode-c.bin
[██░░░░░░░░░░░░░░░░░░░░░░░░░░░░]   5.5% (13.64 KB / 250.00 KB) | Speed: -- B/s
File: download: role-a-mode-c.bin
[██░░░░░░░░░░░░░░░░░░░░░░░░░░░░]   5.5% (13.77 KB / 250.00 KB) | Speed: -- B/s
File: download: role-a-mode-c.bin
[██░░░░░░░░░░░░░░░░░░░░░░░░░░░░]   5.6% (13.89 KB / 250.00 KB) | Speed: -- B/s
File: download: role-a-mode-c.bin
[██░░░░░░░░░░░░░░░░░░░░░░░░░░░░]   5.6% (14.01 KB / 250.00 KB) | Speed: -- B/s
File: download: role-a-mode-c.bin
[██░░░░░░░░░░░░░░░░░░░░░░░░░░░░]   5.7% (14.14 KB / 250.00 KB) | Speed: -- B/s
File: download: role-a-mode-c.bin
[██░░░░░░░░░░░░░░░░░░░░░░░░░░░░]   5.7% (14.26 KB / 250.00 KB) | Speed: -- B/s
File: download: role-a-mode-c.bin
[██░░░░░░░░░░░░░░░░░░░░░░░░░░░░]   5.8% (14.39 KB / 250.00 KB) | Speed: -- B/s
File: download: role-a-mode-c.bin
[██░░░░░░░░░░░░░░░░░░░░░░░░░░░░]   5.8% (14.51 KB / 250.00 KB) | Speed: -- B/s
File: download: role-a-mode-c.bin
[██░░░░░░░░░░░░░░░░░░░░░░░░░░░░]   5.9% (14.63 KB / 250.00 KB) | Speed: -- B/s
File: download: role-a-mode-c.bin
[██░░░░░░░░░░░░░░░░░░░░░░░░░░░░]   5.9% (14.76 KB / 250.00 KB) | Speed: -- B/s
File: download: role-a-mode-c.bin
[██░░░░░░░░░░░░░░░░░░░░░░░░░░░░]   6.0% (14.88 KB / 250.00 KB) | Speed: -- B/s
File: download: role-a-mode-c.bin
[██░░░░░░░░░░░░░░░░░░░░░░░░░░░░]   6.0% (15.01 KB / 250.00 KB) | Speed: -- B/s
File: download: role-a-mode-c.bin
[██░░░░░░░░░░░░░░░░░░░░░░░░░░░░]   6.1% (15.13 KB / 250.00 KB) | Speed: -- B/s
File: download: role-a-mode-c.bin
[██░░░░░░░░░░░░░░░░░░░░░░░░░░░░]   6.1% (15.25 KB / 250.00 KB) | Speed: -- B/s
File: download: role-a-mode-c.bin
[██░░░░░░░░░░░░░░░░░░░░░░░░░░░░]   6.2% (15.38 KB / 250.00 KB) | Speed: -- B/s
File: download: role-a-mode-c.bin
[██░░░░░░░░░░░░░░░░░░░░░░░░░░░░]   6.2% (15.50 KB / 250.00 KB) | Speed: -- B/s
File: download: role-a-mode-c.bin
[██░░░░░░░░░░░░░░░░░░░░░░░░░░░░]   6.3% (15.63 KB / 250.00 KB) | Speed: -- B/s
File: download: role-a-mode-c.bin
[██░░░░░░░░░░░░░░░░░░░░░░░░░░░░]   6.3% (15.75 KB / 250.00 KB) | Speed: -- B/s
File: download: role-a-mode-c.bin
[██░░░░░░░░░░░░░░░░░░░░░░░░░░░░]   6.3% (15.88 KB / 250.00 KB) | Speed: -- B/s
File: download: role-a-mode-c.bin
[██░░░░░░░░░░░░░░░░░░░░░░░░░░░░]   6.4% (16.00 KB / 250.00 KB) | Speed: -- B/s
File: download: role-a-mode-c.bin
[██░░░░░░░░░░░░░░░░░░░░░░░░░░░░]   6.4% (16.12 KB / 250.00 KB) | Speed: -- B/s
File: download: role-a-mode-c.bin
[██░░░░░░░░░░░░░░░░░░░░░░░░░░░░]   6.5% (16.25 KB / 250.00 KB) | Speed: -- B/s
File: download: role-a-mode-c.bin
[██░░░░░░░░░░░░░░░░░░░░░░░░░░░░]   6.5% (16.37 KB / 250.00 KB) | Speed: -- B/s
File: download: role-a-mode-c.bin
[██░░░░░░░░░░░░░░░░░░░░░░░░░░░░]   6.6% (16.50 KB / 250.00 KB) | Speed: -- B/s
File: download: role-a-mode-c.bin
[██░░░░░░░░░░░░░░░░░░░░░░░░░░░░]   6.6% (16.62 KB / 250.00 KB) | Speed: -- B/s
File: download: role-a-mode-c.bin
[██░░░░░░░░░░░░░░░░░░░░░░░░░░░░]   6.7% (16.74 KB / 250.00 KB) | Speed: -- B/s
File: download: role-a-mode-c.bin
[██░░░░░░░░░░░░░░░░░░░░░░░░░░░░]   6.7% (16.87 KB / 250.00 KB) | Speed: -- B/s
File: download: role-a-mode-c.bin
[██░░░░░░░░░░░░░░░░░░░░░░░░░░░░]   6.8% (16.99 KB / 250.00 KB) | Speed: -- B/s
File: download: role-a-mode-c.bin
[██░░░░░░░░░░░░░░░░░░░░░░░░░░░░]   6.8% (17.12 KB / 250.00 KB) | Speed: -- B/s
File: download: role-a-mode-c.bin
[██░░░░░░░░░░░░░░░░░░░░░░░░░░░░]   6.9% (17.24 KB / 250.00 KB) | Speed: -- B/s
File: download: role-a-mode-c.bin
[██░░░░░░░░░░░░░░░░░░░░░░░░░░░░]   6.9% (17.36 KB / 250.00 KB) | Speed: -- B/s
File: download: role-a-mode-c.bin
[██░░░░░░░░░░░░░░░░░░░░░░░░░░░░]   7.0% (17.49 KB / 250.00 KB) | Speed: -- B/s
File: download: role-a-mode-c.bin
[██░░░░░░░░░░░░░░░░░░░░░░░░░░░░]   7.0% (17.61 KB / 250.00 KB) | Speed: -- B/s
File: download: role-a-mode-c.bin
[██░░░░░░░░░░░░░░░░░░░░░░░░░░░░]   7.1% (17.74 KB / 250.00 KB) | Speed: -- B/s
File: download: role-a-mode-c.bin
[██░░░░░░░░░░░░░░░░░░░░░░░░░░░░]   7.1% (17.86 KB / 250.00 KB) | Speed: -- B/s
File: download: role-a-mode-c.bin
[██░░░░░░░░░░░░░░░░░░░░░░░░░░░░]   7.2% (17.98 KB / 250.00 KB) | Speed: -- B/s
File: download: role-a-mode-c.bin
[██░░░░░░░░░░░░░░░░░░░░░░░░░░░░]   7.2% (18.11 KB / 250.00 KB) | Speed: -- B/s
File: download: role-a-mode-c.bin
[██░░░░░░░░░░░░░░░░░░░░░░░░░░░░]   7.3% (18.23 KB / 250.00 KB) | Speed: -- B/s
File: download: role-a-mode-c.bin
[██░░░░░░░░░░░░░░░░░░░░░░░░░░░░]   7.3% (18.36 KB / 250.00 KB) | Speed: -- B/s
File: download: role-a-mode-c.bin
[██░░░░░░░░░░░░░░░░░░░░░░░░░░░░]   7.4% (18.48 KB / 250.00 KB) | Speed: -- B/s
File: download: role-a-mode-c.bin
[██░░░░░░░░░░░░░░░░░░░░░░░░░░░░]   7.4% (18.60 KB / 250.00 KB) | Speed: -- B/s
File: download: role-a-mode-c.bin
[██░░░░░░░░░░░░░░░░░░░░░░░░░░░░]   7.5% (18.73 KB / 250.00 KB) | Speed: -- B/s
File: download: role-a-mode-c.bin
[██░░░░░░░░░░░░░░░░░░░░░░░░░░░░]   7.5% (18.85 KB / 250.00 KB) | Speed: -- B/s
File: download: role-a-mode-c.bin
[██░░░░░░░░░░░░░░░░░░░░░░░░░░░░]   7.6% (18.98 KB / 250.00 KB) | Speed: -- B/s
File: download: role-a-mode-c.bin
[██░░░░░░░░░░░░░░░░░░░░░░░░░░░░]   7.6% (19.10 KB / 250.00 KB) | Speed: -- B/s
File: download: role-a-mode-c.bin
[██░░░░░░░░░░░░░░░░░░░░░░░░░░░░]   7.7% (19.22 KB / 250.00 KB) | Speed: -- B/s
File: download: role-a-mode-c.bin
[██░░░░░░░░░░░░░░░░░░░░░░░░░░░░]   7.7% (19.35 KB / 250.00 KB) | Speed: -- B/s
File: download: role-a-mode-c.bin
[██░░░░░░░░░░░░░░░░░░░░░░░░░░░░]   7.8% (19.47 KB / 250.00 KB) | Speed: -- B/s
File: download: role-a-mode-c.bin
[██░░░░░░░░░░░░░░░░░░░░░░░░░░░░]   7.8% (19.60 KB / 250.00 KB) | Speed: -- B/s
File: download: role-a-mode-c.bin
[██░░░░░░░░░░░░░░░░░░░░░░░░░░░░]   7.9% (19.72 KB / 250.00 KB) | Speed: -- B/s
File: download: role-a-mode-c.bin
[██░░░░░░░░░░░░░░░░░░░░░░░░░░░░]   7.9% (19.84 KB / 250.00 KB) | Speed: -- B/s
File: download: role-a-mode-c.bin
[██░░░░░░░░░░░░░░░░░░░░░░░░░░░░]   8.0% (19.97 KB / 250.00 KB) | Speed: -- B/s
File: download: role-a-mode-c.bin
[██░░░░░░░░░░░░░░░░░░░░░░░░░░░░]   8.0% (20.09 KB / 250.00 KB) | Speed: -- B/s
File: download: role-a-mode-c.bin
[██░░░░░░░░░░░░░░░░░░░░░░░░░░░░]   8.1% (20.22 KB / 250.00 KB) | Speed: -- B/s
File: download: role-a-mode-c.bin
[██░░░░░░░░░░░░░░░░░░░░░░░░░░░░]   8.1% (20.34 KB / 250.00 KB) | Speed: -- B/s
File: download: role-a-mode-c.bin
[██░░░░░░░░░░░░░░░░░░░░░░░░░░░░]   8.2% (20.46 KB / 250.00 KB) | Speed: -- B/s
File: download: role-a-mode-c.bin
[██░░░░░░░░░░░░░░░░░░░░░░░░░░░░]   8.2% (20.59 KB / 250.00 KB) | Speed: -- B/s
File: download: role-a-mode-c.bin
[██░░░░░░░░░░░░░░░░░░░░░░░░░░░░]   8.3% (20.71 KB / 250.00 KB) | Speed: -- B/s
File: download: role-a-mode-c.bin
[███░░░░░░░░░░░░░░░░░░░░░░░░░░░]   8.3% (20.84 KB / 250.00 KB) | Speed: -- B/s
File: download: role-a-mode-c.bin
[███░░░░░░░░░░░░░░░░░░░░░░░░░░░]   8.4% (20.96 KB / 250.00 KB) | Speed: -- B/s
File: download: role-a-mode-c.bin
[███░░░░░░░░░░░░░░░░░░░░░░░░░░░]   8.4% (21.08 KB / 250.00 KB) | Speed: -- B/s
File: download: role-a-mode-c.bin
[███░░░░░░░░░░░░░░░░░░░░░░░░░░░]   8.5% (21.21 KB / 250.00 KB) | Speed: -- B/s
File: download: role-a-mode-c.bin
[███░░░░░░░░░░░░░░░░░░░░░░░░░░░]   8.5% (21.33 KB / 250.00 KB) | Speed: -- B/s
File: download: role-a-mode-c.bin
[███░░░░░░░░░░░░░░░░░░░░░░░░░░░]   8.6% (21.46 KB / 250.00 KB) | Speed: -- B/s
File: download: role-a-mode-c.bin
[███░░░░░░░░░░░░░░░░░░░░░░░░░░░]   8.6% (21.58 KB / 250.00 KB) | Speed: -- B/s
File: download: role-a-mode-c.bin
[███░░░░░░░░░░░░░░░░░░░░░░░░░░░]   8.7% (21.70 KB / 250.00 KB) | Speed: -- B/s
File: download: role-a-mode-c.bin
[███░░░░░░░░░░░░░░░░░░░░░░░░░░░]   8.7% (21.83 KB / 250.00 KB) | Speed: -- B/s
File: download: role-a-mode-c.bin
[███░░░░░░░░░░░░░░░░░░░░░░░░░░░]   8.8% (21.95 KB / 250.00 KB) | Speed: -- B/s
File: download: role-a-mode-c.bin
[███░░░░░░░░░░░░░░░░░░░░░░░░░░░]   8.8% (22.08 KB / 250.00 KB) | Speed: -- B/s
File: download: role-a-mode-c.bin
[███░░░░░░░░░░░░░░░░░░░░░░░░░░░]   8.9% (22.20 KB / 250.00 KB) | Speed: -- B/s
File: download: role-a-mode-c.bin
[███░░░░░░░░░░░░░░░░░░░░░░░░░░░]   8.9% (22.32 KB / 250.00 KB) | Speed: -- B/s
File: download: role-a-mode-c.bin
[███░░░░░░░░░░░░░░░░░░░░░░░░░░░]   9.0% (22.45 KB / 250.00 KB) | Speed: -- B/s
File: download: role-a-mode-c.bin
[███░░░░░░░░░░░░░░░░░░░░░░░░░░░]   9.0% (22.57 KB / 250.00 KB) | Speed: -- B/s
File: download: role-a-mode-c.bin
[███░░░░░░░░░░░░░░░░░░░░░░░░░░░]   9.1% (22.70 KB / 250.00 KB) | Speed: -- B/s
File: download: role-a-mode-c.bin
[███░░░░░░░░░░░░░░░░░░░░░░░░░░░]   9.1% (22.82 KB / 250.00 KB) | Speed: -- B/s
File: download: role-a-mode-c.bin
[███░░░░░░░░░░░░░░░░░░░░░░░░░░░]   9.2% (22.94 KB / 250.00 KB) | Speed: -- B/s
File: download: role-a-mode-c.bin
[███░░░░░░░░░░░░░░░░░░░░░░░░░░░]   9.2% (23.07 KB / 250.00 KB) | Speed: -- B/s
File: download: role-a-mode-c.bin
[███░░░░░░░░░░░░░░░░░░░░░░░░░░░]   9.3% (23.19 KB / 250.00 KB) | Speed: -- B/s
File: download: role-a-mode-c.bin
[███░░░░░░░░░░░░░░░░░░░░░░░░░░░]   9.3% (23.32 KB / 250.00 KB) | Speed: -- B/s
File: download: role-a-mode-c.bin
[███░░░░░░░░░░░░░░░░░░░░░░░░░░░]   9.4% (23.44 KB / 250.00 KB) | Speed: -- B/s
File: download: role-a-mode-c.bin
[███░░░░░░░░░░░░░░░░░░░░░░░░░░░]   9.4% (23.56 KB / 250.00 KB) | Speed: -- B/s
File: download: role-a-mode-c.bin
[███░░░░░░░░░░░░░░░░░░░░░░░░░░░]   9.5% (23.69 KB / 250.00 KB) | Speed: -- B/s
File: download: role-a-mode-c.bin
[███░░░░░░░░░░░░░░░░░░░░░░░░░░░]   9.5% (23.81 KB / 250.00 KB) | Speed: -- B/s
File: download: role-a-mode-c.bin
[███░░░░░░░░░░░░░░░░░░░░░░░░░░░]   9.6% (23.94 KB / 250.00 KB) | Speed: -- B/s
File: download: role-a-mode-c.bin
[███░░░░░░░░░░░░░░░░░░░░░░░░░░░]   9.6% (24.06 KB / 250.00 KB) | Speed: -- B/s
File: download: role-a-mode-c.bin
[███░░░░░░░░░░░░░░░░░░░░░░░░░░░]   9.7% (24.18 KB / 250.00 KB) | Speed: -- B/s
File: download: role-a-mode-c.bin
[███░░░░░░░░░░░░░░░░░░░░░░░░░░░]   9.7% (24.31 KB / 250.00 KB) | Speed: -- B/s
File: download: role-a-mode-c.bin
[███░░░░░░░░░░░░░░░░░░░░░░░░░░░]   9.8% (24.43 KB / 250.00 KB) | Speed: -- B/s
File: download: role-a-mode-c.bin
[███░░░░░░░░░░░░░░░░░░░░░░░░░░░]   9.8% (24.56 KB / 250.00 KB) | Speed: -- B/s
File: download: role-a-mode-c.bin
[███░░░░░░░░░░░░░░░░░░░░░░░░░░░]   9.9% (24.68 KB / 250.00 KB) | Speed: -- B/s
File: download: role-a-mode-c.bin
[███░░░░░░░░░░░░░░░░░░░░░░░░░░░]   9.9% (24.80 KB / 250.00 KB) | Speed: -- B/s
File: download: role-a-mode-c.bin
[███░░░░░░░░░░░░░░░░░░░░░░░░░░░]  10.0% (24.93 KB / 250.00 KB) | Speed: -- B/s
File: download: role-a-mode-c.bin
[███░░░░░░░░░░░░░░░░░░░░░░░░░░░]  10.0% (25.05 KB / 250.00 KB) | Speed: -- B/s
File: download: role-a-mode-c.bin
[███░░░░░░░░░░░░░░░░░░░░░░░░░░░]  10.1% (25.18 KB / 250.00 KB) | Speed: -- B/s
File: download: role-a-mode-c.bin
[███░░░░░░░░░░░░░░░░░░░░░░░░░░░]  10.1% (25.30 KB / 250.00 KB) | Speed: -- B/s
File: download: role-a-mode-c.bin
[███░░░░░░░░░░░░░░░░░░░░░░░░░░░]  10.2% (25.42 KB / 250.00 KB) | Speed: -- B/s
File: download: role-a-mode-c.bin
[███░░░░░░░░░░░░░░░░░░░░░░░░░░░]  10.2% (25.55 KB / 250.00 KB) | Speed: -- B/s
File: download: role-a-mode-c.bin
[███░░░░░░░░░░░░░░░░░░░░░░░░░░░]  10.3% (25.67 KB / 250.00 KB) | Speed: -- B/s
File: download: role-a-mode-c.bin
[███░░░░░░░░░░░░░░░░░░░░░░░░░░░]  10.3% (25.80 KB / 250.00 KB) | Speed: -- B/s
File: download: role-a-mode-c.bin
[███░░░░░░░░░░░░░░░░░░░░░░░░░░░]  10.4% (25.92 KB / 250.00 KB) | Speed: -- B/s
File: download: role-a-mode-c.bin
[███░░░░░░░░░░░░░░░░░░░░░░░░░░░]  10.4% (26.04 KB / 250.00 KB) | Speed: -- B/s
File: download: role-a-mode-c.bin
[███░░░░░░░░░░░░░░░░░░░░░░░░░░░]  10.5% (26.17 KB / 250.00 KB) | Speed: -- B/s
File: download: role-a-mode-c.bin
[███░░░░░░░░░░░░░░░░░░░░░░░░░░░]  10.5% (26.29 KB / 250.00 KB) | Speed: -- B/s
File: download: role-a-mode-c.bin
[███░░░░░░░░░░░░░░░░░░░░░░░░░░░]  10.6% (26.42 KB / 250.00 KB) | Speed: -- B/s
File: download: role-a-mode-c.bin
[███░░░░░░░░░░░░░░░░░░░░░░░░░░░]  10.6% (26.54 KB / 250.00 KB) | Speed: -- B/s
File: download: role-a-mode-c.bin
[███░░░░░░░░░░░░░░░░░░░░░░░░░░░]  10.7% (26.67 KB / 250.00 KB) | Speed: -- B/s
File: download: role-a-mode-c.bin
[███░░░░░░░░░░░░░░░░░░░░░░░░░░░]  10.7% (26.79 KB / 250.00 KB) | Speed: -- B/s
File: download: role-a-mode-c.bin
[███░░░░░░░░░░░░░░░░░░░░░░░░░░░]  10.8% (26.91 KB / 250.00 KB) | Speed: -- B/s
File: download: role-a-mode-c.bin
[███░░░░░░░░░░░░░░░░░░░░░░░░░░░]  10.8% (27.04 KB / 250.00 KB) | Speed: -- B/s
File: download: role-a-mode-c.bin
[███░░░░░░░░░░░░░░░░░░░░░░░░░░░]  10.9% (27.16 KB / 250.00 KB) | Speed: -- B/s
File: download: role-a-mode-c.bin
[███░░░░░░░░░░░░░░░░░░░░░░░░░░░]  10.9% (27.29 KB / 250.00 KB) | Speed: -- B/s
File: download: role-a-mode-c.bin
[███░░░░░░░░░░░░░░░░░░░░░░░░░░░]  11.0% (27.41 KB / 250.00 KB) | Speed: -- B/s
File: download: role-a-mode-c.bin
[███░░░░░░░░░░░░░░░░░░░░░░░░░░░]  11.0% (27.53 KB / 250.00 KB) | Speed: -- B/s
File: download: role-a-mode-c.bin
[███░░░░░░░░░░░░░░░░░░░░░░░░░░░]  11.1% (27.66 KB / 250.00 KB) | Speed: -- B/s
File: download: role-a-mode-c.bin
[███░░░░░░░░░░░░░░░░░░░░░░░░░░░]  11.1% (27.78 KB / 250.00 KB) | Speed: -- B/s
File: download: role-a-mode-c.bin
[███░░░░░░░░░░░░░░░░░░░░░░░░░░░]  11.2% (27.91 KB / 250.00 KB) | Speed: -- B/s
File: download: role-a-mode-c.bin
[███░░░░░░░░░░░░░░░░░░░░░░░░░░░]  11.2% (28.03 KB / 250.00 KB) | Speed: -- B/s
File: download: role-a-mode-c.bin
[███░░░░░░░░░░░░░░░░░░░░░░░░░░░]  11.3% (28.15 KB / 250.00 KB) | Speed: -- B/s
File: download: role-a-mode-c.bin
[███░░░░░░░░░░░░░░░░░░░░░░░░░░░]  11.3% (28.28 KB / 250.00 KB) | Speed: -- B/s
File: download: role-a-mode-c.bin
[███░░░░░░░░░░░░░░░░░░░░░░░░░░░]  11.4% (28.40 KB / 250.00 KB) | Speed: -- B/s
File: download: role-a-mode-c.bin
[███░░░░░░░░░░░░░░░░░░░░░░░░░░░]  11.4% (28.53 KB / 250.00 KB) | Speed: -- B/s
File: download: role-a-mode-c.bin
[███░░░░░░░░░░░░░░░░░░░░░░░░░░░]  11.5% (28.65 KB / 250.00 KB) | Speed: -- B/s
File: download: role-a-mode-c.bin
[███░░░░░░░░░░░░░░░░░░░░░░░░░░░]  11.5% (28.77 KB / 250.00 KB) | Speed: -- B/s
File: download: role-a-mode-c.bin
[███░░░░░░░░░░░░░░░░░░░░░░░░░░░]  11.6% (28.90 KB / 250.00 KB) | Speed: -- B/s
File: download: role-a-mode-c.bin
[███░░░░░░░░░░░░░░░░░░░░░░░░░░░]  11.6% (29.02 KB / 250.00 KB) | Speed: -- B/s
File: download: role-a-mode-c.bin
[███░░░░░░░░░░░░░░░░░░░░░░░░░░░]  11.7% (29.15 KB / 250.00 KB) | Speed: -- B/s
File: download: role-a-mode-c.bin
[████░░░░░░░░░░░░░░░░░░░░░░░░░░]  11.7% (29.27 KB / 250.00 KB) | Speed: -- B/s
File: download: role-a-mode-c.bin
[████░░░░░░░░░░░░░░░░░░░░░░░░░░]  11.8% (29.39 KB / 250.00 KB) | Speed: -- B/s
File: download: role-a-mode-c.bin
[████░░░░░░░░░░░░░░░░░░░░░░░░░░]  11.8% (29.52 KB / 250.00 KB) | Speed: -- B/s
File: download: role-a-mode-c.bin
[████░░░░░░░░░░░░░░░░░░░░░░░░░░]  11.9% (29.64 KB / 250.00 KB) | Speed: -- B/s
File: download: role-a-mode-c.bin
[████░░░░░░░░░░░░░░░░░░░░░░░░░░]  11.9% (29.77 KB / 250.00 KB) | Speed: -- B/s
File: download: role-a-mode-c.bin
[████░░░░░░░░░░░░░░░░░░░░░░░░░░]  12.0% (29.89 KB / 250.00 KB) | Speed: -- B/s
File: download: role-a-mode-c.bin
[████░░░░░░░░░░░░░░░░░░░░░░░░░░]  12.0% (30.01 KB / 250.00 KB) | Speed: -- B/s
File: download: role-a-mode-c.bin
[████░░░░░░░░░░░░░░░░░░░░░░░░░░]  12.1% (30.14 KB / 250.00 KB) | Speed: -- B/s
File: download: role-a-mode-c.bin
[████░░░░░░░░░░░░░░░░░░░░░░░░░░]  12.1% (30.26 KB / 250.00 KB) | Speed: -- B/s
File: download: role-a-mode-c.bin
[████░░░░░░░░░░░░░░░░░░░░░░░░░░]  12.2% (30.39 KB / 250.00 KB) | Speed: -- B/s
File: download: role-a-mode-c.bin
[████░░░░░░░░░░░░░░░░░░░░░░░░░░]  12.2% (30.51 KB / 250.00 KB) | Speed: -- B/s
File: download: role-a-mode-c.bin
[████░░░░░░░░░░░░░░░░░░░░░░░░░░]  12.3% (30.63 KB / 250.00 KB) | Speed: -- B/s
File: download: role-a-mode-c.bin
[████░░░░░░░░░░░░░░░░░░░░░░░░░░]  12.3% (30.76 KB / 250.00 KB) | Speed: -- B/s
File: download: role-a-mode-c.bin
[████░░░░░░░░░░░░░░░░░░░░░░░░░░]  12.4% (30.88 KB / 250.00 KB) | Speed: -- B/s
File: download: role-a-mode-c.bin
[████░░░░░░░░░░░░░░░░░░░░░░░░░░]  12.4% (31.01 KB / 250.00 KB) | Speed: -- B/s
File: download: role-a-mode-c.bin
[████░░░░░░░░░░░░░░░░░░░░░░░░░░]  12.5% (31.13 KB / 250.00 KB) | Speed: -- B/s
File: download: role-a-mode-c.bin
[████░░░░░░░░░░░░░░░░░░░░░░░░░░]  12.5% (31.25 KB / 250.00 KB) | Speed: -- B/s
File: download: role-a-mode-c.bin
[████░░░░░░░░░░░░░░░░░░░░░░░░░░]  12.6% (31.38 KB / 250.00 KB) | Speed: -- B/s
File: download: role-a-mode-c.bin
[████░░░░░░░░░░░░░░░░░░░░░░░░░░]  12.6% (31.50 KB / 250.00 KB) | Speed: -- B/s
File: download: role-a-mode-c.bin
[████░░░░░░░░░░░░░░░░░░░░░░░░░░]  12.7% (31.63 KB / 250.00 KB) | Speed: -- B/s
File: download: role-a-mode-c.bin
[████░░░░░░░░░░░░░░░░░░░░░░░░░░]  12.7% (31.75 KB / 250.00 KB) | Speed: -- B/s
File: download: role-a-mode-c.bin
[████░░░░░░░░░░░░░░░░░░░░░░░░░░]  12.7% (31.87 KB / 250.00 KB) | Speed: -- B/s
File: download: role-a-mode-c.bin
[████░░░░░░░░░░░░░░░░░░░░░░░░░░]  12.8% (32.00 KB / 250.00 KB) | Speed: -- B/s
File: download: role-a-mode-c.bin
[████░░░░░░░░░░░░░░░░░░░░░░░░░░]  12.8% (32.12 KB / 250.00 KB) | Speed: -- B/s
File: download: role-a-mode-c.bin
[████░░░░░░░░░░░░░░░░░░░░░░░░░░]  12.9% (32.25 KB / 250.00 KB) | Speed: -- B/s
File: download: role-a-mode-c.bin
[████░░░░░░░░░░░░░░░░░░░░░░░░░░]  12.9% (32.37 KB / 250.00 KB) | Speed: -- B/s
File: download: role-a-mode-c.bin
[████░░░░░░░░░░░░░░░░░░░░░░░░░░]  13.0% (32.49 KB / 250.00 KB) | Speed: -- B/s
File: download: role-a-mode-c.bin
[████░░░░░░░░░░░░░░░░░░░░░░░░░░]  13.0% (32.62 KB / 250.00 KB) | Speed: -- B/s
File: download: role-a-mode-c.bin
[████░░░░░░░░░░░░░░░░░░░░░░░░░░]  13.1% (32.74 KB / 250.00 KB) | Speed: -- B/s
File: download: role-a-mode-c.bin
[████░░░░░░░░░░░░░░░░░░░░░░░░░░]  13.1% (32.87 KB / 250.00 KB) | Speed: -- B/s
File: download: role-a-mode-c.bin
[████░░░░░░░░░░░░░░░░░░░░░░░░░░]  13.2% (32.99 KB / 250.00 KB) | Speed: -- B/s
File: download: role-a-mode-c.bin
[████░░░░░░░░░░░░░░░░░░░░░░░░░░]  13.2% (33.11 KB / 250.00 KB) | Speed: -- B/s
File: download: role-a-mode-c.bin
[████░░░░░░░░░░░░░░░░░░░░░░░░░░]  13.3% (33.24 KB / 250.00 KB) | Speed: -- B/s
File: download: role-a-mode-c.bin
[████░░░░░░░░░░░░░░░░░░░░░░░░░░]  13.3% (33.36 KB / 250.00 KB) | Speed: -- B/s
File: download: role-a-mode-c.bin
[████░░░░░░░░░░░░░░░░░░░░░░░░░░]  13.4% (33.49 KB / 250.00 KB) | Speed: -- B/s
File: download: role-a-mode-c.bin
[████░░░░░░░░░░░░░░░░░░░░░░░░░░]  13.4% (33.61 KB / 250.00 KB) | Speed: -- B/s
File: download: role-a-mode-c.bin
[████░░░░░░░░░░░░░░░░░░░░░░░░░░]  13.5% (33.73 KB / 250.00 KB) | Speed: -- B/s
File: download: role-a-mode-c.bin
[████░░░░░░░░░░░░░░░░░░░░░░░░░░]  13.5% (33.86 KB / 250.00 KB) | Speed: -- B/s
File: download: role-a-mode-c.bin
[████░░░░░░░░░░░░░░░░░░░░░░░░░░]  13.6% (33.98 KB / 250.00 KB) | Speed: -- B/s
File: download: role-a-mode-c.bin
[████░░░░░░░░░░░░░░░░░░░░░░░░░░]  13.6% (34.11 KB / 250.00 KB) | Speed: -- B/s
File: download: role-a-mode-c.bin
[████░░░░░░░░░░░░░░░░░░░░░░░░░░]  13.7% (34.23 KB / 250.00 KB) | Speed: -- B/s
File: download: role-a-mode-c.bin
[████░░░░░░░░░░░░░░░░░░░░░░░░░░]  13.7% (34.35 KB / 250.00 KB) | Speed: -- B/s
File: download: role-a-mode-c.bin
[████░░░░░░░░░░░░░░░░░░░░░░░░░░]  13.8% (34.48 KB / 250.00 KB) | Speed: -- B/s
File: download: role-a-mode-c.bin
[████░░░░░░░░░░░░░░░░░░░░░░░░░░]  13.8% (34.60 KB / 250.00 KB) | Speed: -- B/s
File: download: role-a-mode-c.bin
[████░░░░░░░░░░░░░░░░░░░░░░░░░░]  13.9% (34.73 KB / 250.00 KB) | Speed: -- B/s
File: download: role-a-mode-c.bin
[████░░░░░░░░░░░░░░░░░░░░░░░░░░]  13.9% (34.85 KB / 250.00 KB) | Speed: -- B/s
File: download: role-a-mode-c.bin
[████░░░░░░░░░░░░░░░░░░░░░░░░░░]  14.0% (34.97 KB / 250.00 KB) | Speed: -- B/s
File: download: role-a-mode-c.bin
[████░░░░░░░░░░░░░░░░░░░░░░░░░░]  14.0% (35.10 KB / 250.00 KB) | Speed: -- B/s
File: download: role-a-mode-c.bin
[████░░░░░░░░░░░░░░░░░░░░░░░░░░]  14.1% (35.22 KB / 250.00 KB) | Speed: -- B/s
File: download: role-a-mode-c.bin
[████░░░░░░░░░░░░░░░░░░░░░░░░░░]  14.1% (35.35 KB / 250.00 KB) | Speed: -- B/s
File: download: role-a-mode-c.bin
[████░░░░░░░░░░░░░░░░░░░░░░░░░░]  14.2% (35.47 KB / 250.00 KB) | Speed: -- B/s
File: download: role-a-mode-c.bin
[████░░░░░░░░░░░░░░░░░░░░░░░░░░]  14.2% (35.59 KB / 250.00 KB) | Speed: -- B/s
File: download: role-a-mode-c.bin
[████░░░░░░░░░░░░░░░░░░░░░░░░░░]  14.3% (35.72 KB / 250.00 KB) | Speed: -- B/s
File: download: role-a-mode-c.bin
[████░░░░░░░░░░░░░░░░░░░░░░░░░░]  14.3% (35.84 KB / 250.00 KB) | Speed: -- B/s
File: download: role-a-mode-c.bin
[████░░░░░░░░░░░░░░░░░░░░░░░░░░]  14.4% (35.97 KB / 250.00 KB) | Speed: -- B/s
File: download: role-a-mode-c.bin
[████░░░░░░░░░░░░░░░░░░░░░░░░░░]  14.4% (36.09 KB / 250.00 KB) | Speed: -- B/s
File: download: role-a-mode-c.bin
[████░░░░░░░░░░░░░░░░░░░░░░░░░░]  14.5% (36.21 KB / 250.00 KB) | Speed: -- B/s
File: download: role-a-mode-c.bin
[████░░░░░░░░░░░░░░░░░░░░░░░░░░]  14.5% (36.34 KB / 250.00 KB) | Speed: -- B/s
File: download: role-a-mode-c.bin
[████░░░░░░░░░░░░░░░░░░░░░░░░░░]  14.6% (36.46 KB / 250.00 KB) | Speed: -- B/s
File: download: role-a-mode-c.bin
[████░░░░░░░░░░░░░░░░░░░░░░░░░░]  14.6% (36.59 KB / 250.00 KB) | Speed: -- B/s
File: download: role-a-mode-c.bin
[████░░░░░░░░░░░░░░░░░░░░░░░░░░]  14.7% (36.71 KB / 250.00 KB) | Speed: -- B/s
File: download: role-a-mode-c.bin
[████░░░░░░░░░░░░░░░░░░░░░░░░░░]  14.7% (36.83 KB / 250.00 KB) | Speed: -- B/s
File: download: role-a-mode-c.bin
[████░░░░░░░░░░░░░░░░░░░░░░░░░░]  14.8% (36.96 KB / 250.00 KB) | Speed: -- B/s
File: download: role-a-mode-c.bin
[████░░░░░░░░░░░░░░░░░░░░░░░░░░]  14.8% (37.08 KB / 250.00 KB) | Speed: -- B/s
File: download: role-a-mode-c.bin
[████░░░░░░░░░░░░░░░░░░░░░░░░░░]  14.9% (37.21 KB / 250.00 KB) | Speed: -- B/s
File: download: role-a-mode-c.bin
[████░░░░░░░░░░░░░░░░░░░░░░░░░░]  14.9% (37.33 KB / 250.00 KB) | Speed: -- B/s
File: download: role-a-mode-c.bin
[████░░░░░░░░░░░░░░░░░░░░░░░░░░]  15.0% (37.46 KB / 250.00 KB) | Speed: -- B/s
File: download: role-a-mode-c.bin
[█████░░░░░░░░░░░░░░░░░░░░░░░░░]  15.0% (37.58 KB / 250.00 KB) | Speed: -- B/s
File: download: role-a-mode-c.bin
[█████░░░░░░░░░░░░░░░░░░░░░░░░░]  15.1% (37.70 KB / 250.00 KB) | Speed: -- B/s
File: download: role-a-mode-c.bin
[█████░░░░░░░░░░░░░░░░░░░░░░░░░]  15.1% (37.83 KB / 250.00 KB) | Speed: -- B/s
File: download: role-a-mode-c.bin
[█████░░░░░░░░░░░░░░░░░░░░░░░░░]  15.2% (37.95 KB / 250.00 KB) | Speed: -- B/s
File: download: role-a-mode-c.bin
[█████░░░░░░░░░░░░░░░░░░░░░░░░░]  15.2% (38.08 KB / 250.00 KB) | Speed: -- B/s
File: download: role-a-mode-c.bin
[█████░░░░░░░░░░░░░░░░░░░░░░░░░]  15.3% (38.20 KB / 250.00 KB) | Speed: -- B/s
File: download: role-a-mode-c.bin
[█████░░░░░░░░░░░░░░░░░░░░░░░░░]  15.3% (38.32 KB / 250.00 KB) | Speed: -- B/s
File: download: role-a-mode-c.bin
[█████░░░░░░░░░░░░░░░░░░░░░░░░░]  15.4% (38.45 KB / 250.00 KB) | Speed: -- B/s
File: download: role-a-mode-c.bin
[█████░░░░░░░░░░░░░░░░░░░░░░░░░]  15.4% (38.57 KB / 250.00 KB) | Speed: -- B/s
File: download: role-a-mode-c.bin
[█████░░░░░░░░░░░░░░░░░░░░░░░░░]  15.5% (38.70 KB / 250.00 KB) | Speed: -- B/s
File: download: role-a-mode-c.bin
[█████░░░░░░░░░░░░░░░░░░░░░░░░░]  15.5% (38.82 KB / 250.00 KB) | Speed: -- B/s
File: download: role-a-mode-c.bin
[█████░░░░░░░░░░░░░░░░░░░░░░░░░]  15.6% (38.94 KB / 250.00 KB) | Speed: -- B/s
File: download: role-a-mode-c.bin
[█████░░░░░░░░░░░░░░░░░░░░░░░░░]  15.6% (39.07 KB / 250.00 KB) | Speed: -- B/s
File: download: role-a-mode-c.bin
[█████░░░░░░░░░░░░░░░░░░░░░░░░░]  15.7% (39.19 KB / 250.00 KB) | Speed: -- B/s
File: download: role-a-mode-c.bin
[█████░░░░░░░░░░░░░░░░░░░░░░░░░]  15.7% (39.32 KB / 250.00 KB) | Speed: -- B/s
File: download: role-a-mode-c.bin
[█████░░░░░░░░░░░░░░░░░░░░░░░░░]  15.8% (39.44 KB / 250.00 KB) | Speed: -- B/s
File: download: role-a-mode-c.bin
[█████░░░░░░░░░░░░░░░░░░░░░░░░░]  15.8% (39.56 KB / 250.00 KB) | Speed: -- B/s
File: download: role-a-mode-c.bin
[█████░░░░░░░░░░░░░░░░░░░░░░░░░]  15.9% (39.69 KB / 250.00 KB) | Speed: -- B/s
File: download: role-a-mode-c.bin
[█████░░░░░░░░░░░░░░░░░░░░░░░░░]  15.9% (39.81 KB / 250.00 KB) | Speed: -- B/s
File: download: role-a-mode-c.bin
[█████░░░░░░░░░░░░░░░░░░░░░░░░░]  16.0% (39.94 KB / 250.00 KB) | Speed: -- B/s
File: download: role-a-mode-c.bin
[█████░░░░░░░░░░░░░░░░░░░░░░░░░]  16.0% (40.06 KB / 250.00 KB) | Speed: -- B/s
File: download: role-a-mode-c.bin
[█████░░░░░░░░░░░░░░░░░░░░░░░░░]  16.1% (40.18 KB / 250.00 KB) | Speed: -- B/s
File: download: role-a-mode-c.bin
[█████░░░░░░░░░░░░░░░░░░░░░░░░░]  16.1% (40.31 KB / 250.00 KB) | Speed: -- B/s
File: download: role-a-mode-c.bin
[█████░░░░░░░░░░░░░░░░░░░░░░░░░]  16.2% (40.43 KB / 250.00 KB) | Speed: -- B/s
File: download: role-a-mode-c.bin
[█████░░░░░░░░░░░░░░░░░░░░░░░░░]  16.2% (40.56 KB / 250.00 KB) | Speed: -- B/s
File: download: role-a-mode-c.bin
[█████░░░░░░░░░░░░░░░░░░░░░░░░░]  16.3% (40.68 KB / 250.00 KB) | Speed: -- B/s
File: download: role-a-mode-c.bin
[█████░░░░░░░░░░░░░░░░░░░░░░░░░]  16.3% (40.80 KB / 250.00 KB) | Speed: -- B/s
File: download: role-a-mode-c.bin
[█████░░░░░░░░░░░░░░░░░░░░░░░░░]  16.4% (40.93 KB / 250.00 KB) | Speed: -- B/s
File: download: role-a-mode-c.bin
[█████░░░░░░░░░░░░░░░░░░░░░░░░░]  16.4% (41.05 KB / 250.00 KB) | Speed: -- B/s
File: download: role-a-mode-c.bin
[█████░░░░░░░░░░░░░░░░░░░░░░░░░]  16.5% (41.18 KB / 250.00 KB) | Speed: -- B/s
File: download: role-a-mode-c.bin
[█████░░░░░░░░░░░░░░░░░░░░░░░░░]  16.5% (41.30 KB / 250.00 KB) | Speed: -- B/s
File: download: role-a-mode-c.bin
[█████░░░░░░░░░░░░░░░░░░░░░░░░░]  16.6% (41.42 KB / 250.00 KB) | Speed: -- B/s
File: download: role-a-mode-c.bin
[█████░░░░░░░░░░░░░░░░░░░░░░░░░]  16.6% (41.55 KB / 250.00 KB) | Speed: -- B/s
File: download: role-a-mode-c.bin
[█████░░░░░░░░░░░░░░░░░░░░░░░░░]  16.7% (41.67 KB / 250.00 KB) | Speed: -- B/s
File: download: role-a-mode-c.bin
[█████░░░░░░░░░░░░░░░░░░░░░░░░░]  16.7% (41.80 KB / 250.00 KB) | Speed: -- B/s
File: download: role-a-mode-c.bin
[█████░░░░░░░░░░░░░░░░░░░░░░░░░]  16.8% (41.92 KB / 250.00 KB) | Speed: -- B/s
File: download: role-a-mode-c.bin
[█████░░░░░░░░░░░░░░░░░░░░░░░░░]  16.8% (42.04 KB / 250.00 KB) | Speed: -- B/s
File: download: role-a-mode-c.bin
[█████░░░░░░░░░░░░░░░░░░░░░░░░░]  16.9% (42.17 KB / 250.00 KB) | Speed: -- B/s
File: download: role-a-mode-c.bin
[█████░░░░░░░░░░░░░░░░░░░░░░░░░]  16.9% (42.29 KB / 250.00 KB) | Speed: -- B/s
File: download: role-a-mode-c.bin
[█████░░░░░░░░░░░░░░░░░░░░░░░░░]  17.0% (42.42 KB / 250.00 KB) | Speed: -- B/s
File: download: role-a-mode-c.bin
[█████░░░░░░░░░░░░░░░░░░░░░░░░░]  17.0% (42.54 KB / 250.00 KB) | Speed: -- B/s
File: download: role-a-mode-c.bin
[█████░░░░░░░░░░░░░░░░░░░░░░░░░]  17.1% (42.66 KB / 250.00 KB) | Speed: -- B/s
File: download: role-a-mode-c.bin
[█████░░░░░░░░░░░░░░░░░░░░░░░░░]  17.1% (42.79 KB / 250.00 KB) | Speed: -- B/s
File: download: role-a-mode-c.bin
[█████░░░░░░░░░░░░░░░░░░░░░░░░░]  17.2% (42.91 KB / 250.00 KB) | Speed: -- B/s
File: download: role-a-mode-c.bin
[█████░░░░░░░░░░░░░░░░░░░░░░░░░]  17.2% (43.04 KB / 250.00 KB) | Speed: -- B/s
File: download: role-a-mode-c.bin
[█████░░░░░░░░░░░░░░░░░░░░░░░░░]  17.3% (43.16 KB / 250.00 KB) | Speed: -- B/s
File: download: role-a-mode-c.bin
[█████░░░░░░░░░░░░░░░░░░░░░░░░░]  17.3% (43.28 KB / 250.00 KB) | Speed: -- B/s
File: download: role-a-mode-c.bin
[█████░░░░░░░░░░░░░░░░░░░░░░░░░]  17.4% (43.41 KB / 250.00 KB) | Speed: -- B/s
File: download: role-a-mode-c.bin
[█████░░░░░░░░░░░░░░░░░░░░░░░░░]  17.4% (43.53 KB / 250.00 KB) | Speed: -- B/s
File: download: role-a-mode-c.bin
[█████░░░░░░░░░░░░░░░░░░░░░░░░░]  17.5% (43.66 KB / 250.00 KB) | Speed: -- B/s
File: download: role-a-mode-c.bin
[█████░░░░░░░░░░░░░░░░░░░░░░░░░]  17.5% (43.78 KB / 250.00 KB) | Speed: -- B/s
File: download: role-a-mode-c.bin
[█████░░░░░░░░░░░░░░░░░░░░░░░░░]  17.6% (43.90 KB / 250.00 KB) | Speed: -- B/s
File: download: role-a-mode-c.bin
[█████░░░░░░░░░░░░░░░░░░░░░░░░░]  17.6% (44.03 KB / 250.00 KB) | Speed: -- B/s
File: download: role-a-mode-c.bin
[█████░░░░░░░░░░░░░░░░░░░░░░░░░]  17.7% (44.15 KB / 250.00 KB) | Speed: -- B/s
File: download: role-a-mode-c.bin
[█████░░░░░░░░░░░░░░░░░░░░░░░░░]  17.7% (44.28 KB / 250.00 KB) | Speed: -- B/s
File: download: role-a-mode-c.bin
[█████░░░░░░░░░░░░░░░░░░░░░░░░░]  17.8% (44.40 KB / 250.00 KB) | Speed: -- B/s
File: download: role-a-mode-c.bin
[█████░░░░░░░░░░░░░░░░░░░░░░░░░]  17.8% (44.52 KB / 250.00 KB) | Speed: -- B/s
File: download: role-a-mode-c.bin
[█████░░░░░░░░░░░░░░░░░░░░░░░░░]  17.9% (44.65 KB / 250.00 KB) | Speed: -- B/s
File: download: role-a-mode-c.bin
[█████░░░░░░░░░░░░░░░░░░░░░░░░░]  17.9% (44.77 KB / 250.00 KB) | Speed: -- B/s
File: download: role-a-mode-c.bin
[█████░░░░░░░░░░░░░░░░░░░░░░░░░]  18.0% (44.90 KB / 250.00 KB) | Speed: -- B/s
File: download: role-a-mode-c.bin
[█████░░░░░░░░░░░░░░░░░░░░░░░░░]  18.0% (45.02 KB / 250.00 KB) | Speed: -- B/s
File: download: role-a-mode-c.bin
[█████░░░░░░░░░░░░░░░░░░░░░░░░░]  18.1% (45.14 KB / 250.00 KB) | Speed: -- B/s
File: download: role-a-mode-c.bin
[█████░░░░░░░░░░░░░░░░░░░░░░░░░]  18.1% (45.27 KB / 250.00 KB) | Speed: -- B/s
File: download: role-a-mode-c.bin
[█████░░░░░░░░░░░░░░░░░░░░░░░░░]  18.2% (45.39 KB / 250.00 KB) | Speed: -- B/s
File: download: role-a-mode-c.bin
[█████░░░░░░░░░░░░░░░░░░░░░░░░░]  18.2% (45.52 KB / 250.00 KB) | Speed: -- B/s
File: download: role-a-mode-c.bin
[█████░░░░░░░░░░░░░░░░░░░░░░░░░]  18.3% (45.64 KB / 250.00 KB) | Speed: -- B/s
File: download: role-a-mode-c.bin
[█████░░░░░░░░░░░░░░░░░░░░░░░░░]  18.3% (45.76 KB / 250.00 KB) | Speed: -- B/s
File: download: role-a-mode-c.bin
[██████░░░░░░░░░░░░░░░░░░░░░░░░]  18.4% (45.89 KB / 250.00 KB) | Speed: -- B/s
File: download: role-a-mode-c.bin
[██████░░░░░░░░░░░░░░░░░░░░░░░░]  18.4% (46.01 KB / 250.00 KB) | Speed: -- B/s
File: download: role-a-mode-c.bin
[██████░░░░░░░░░░░░░░░░░░░░░░░░]  18.5% (46.14 KB / 250.00 KB) | Speed: -- B/s
File: download: role-a-mode-c.bin
[██████░░░░░░░░░░░░░░░░░░░░░░░░]  18.5% (46.26 KB / 250.00 KB) | Speed: -- B/s
File: download: role-a-mode-c.bin
[██████░░░░░░░░░░░░░░░░░░░░░░░░]  18.6% (46.38 KB / 250.00 KB) | Speed: -- B/s
File: download: role-a-mode-c.bin
[██████░░░░░░░░░░░░░░░░░░░░░░░░]  18.6% (46.51 KB / 250.00 KB) | Speed: -- B/s
File: download: role-a-mode-c.bin
[██████░░░░░░░░░░░░░░░░░░░░░░░░]  18.7% (46.63 KB / 250.00 KB) | Speed: -- B/s
File: download: role-a-mode-c.bin
[██████░░░░░░░░░░░░░░░░░░░░░░░░]  18.7% (46.76 KB / 250.00 KB) | Speed: -- B/s
File: download: role-a-mode-c.bin
[██████░░░░░░░░░░░░░░░░░░░░░░░░]  18.8% (46.88 KB / 250.00 KB) | Speed: -- B/s
File: download: role-a-mode-c.bin
[██████░░░░░░░░░░░░░░░░░░░░░░░░]  18.8% (47.00 KB / 250.00 KB) | Speed: -- B/s
File: download: role-a-mode-c.bin
[██████░░░░░░░░░░░░░░░░░░░░░░░░]  18.9% (47.13 KB / 250.00 KB) | Speed: -- B/s
File: download: role-a-mode-c.bin
[██████░░░░░░░░░░░░░░░░░░░░░░░░]  18.9% (47.25 KB / 250.00 KB) | Speed: -- B/s
File: download: role-a-mode-c.bin
[██████░░░░░░░░░░░░░░░░░░░░░░░░]  19.0% (47.38 KB / 250.00 KB) | Speed: -- B/s
File: download: role-a-mode-c.bin
[██████░░░░░░░░░░░░░░░░░░░░░░░░]  19.0% (47.50 KB / 250.00 KB) | Speed: -- B/s
File: download: role-a-mode-c.bin
[██████░░░░░░░░░░░░░░░░░░░░░░░░]  19.1% (47.62 KB / 250.00 KB) | Speed: -- B/s
File: download: role-a-mode-c.bin
[██████░░░░░░░░░░░░░░░░░░░░░░░░]  19.1% (47.75 KB / 250.00 KB) | Speed: -- B/s
File: download: role-a-mode-c.bin
[██████░░░░░░░░░░░░░░░░░░░░░░░░]  19.1% (47.87 KB / 250.00 KB) | Speed: -- B/s
File: download: role-a-mode-c.bin
[██████░░░░░░░░░░░░░░░░░░░░░░░░]  19.2% (48.00 KB / 250.00 KB) | Speed: -- B/s
File: download: role-a-mode-c.bin
[██████░░░░░░░░░░░░░░░░░░░░░░░░]  19.2% (48.12 KB / 250.00 KB) | Speed: -- B/s
File: download: role-a-mode-c.bin
[██████░░░░░░░░░░░░░░░░░░░░░░░░]  19.3% (48.25 KB / 250.00 KB) | Speed: -- B/s
File: download: role-a-mode-c.bin
[██████░░░░░░░░░░░░░░░░░░░░░░░░]  19.3% (48.37 KB / 250.00 KB) | Speed: -- B/s
File: download: role-a-mode-c.bin
[██████░░░░░░░░░░░░░░░░░░░░░░░░]  19.4% (48.49 KB / 250.00 KB) | Speed: -- B/s
File: download: role-a-mode-c.bin
[██████░░░░░░░░░░░░░░░░░░░░░░░░]  19.4% (48.62 KB / 250.00 KB) | Speed: -- B/s
File: download: role-a-mode-c.bin
[██████░░░░░░░░░░░░░░░░░░░░░░░░]  19.5% (48.74 KB / 250.00 KB) | Speed: -- B/s
File: download: role-a-mode-c.bin
[██████░░░░░░░░░░░░░░░░░░░░░░░░]  19.5% (48.87 KB / 250.00 KB) | Speed: -- B/s
File: download: role-a-mode-c.bin
[██████░░░░░░░░░░░░░░░░░░░░░░░░]  19.6% (48.99 KB / 250.00 KB) | Speed: -- B/s
File: download: role-a-mode-c.bin
[██████░░░░░░░░░░░░░░░░░░░░░░░░]  19.6% (49.11 KB / 250.00 KB) | Speed: -- B/s
File: download: role-a-mode-c.bin
[██████░░░░░░░░░░░░░░░░░░░░░░░░]  19.7% (49.24 KB / 250.00 KB) | Speed: -- B/s
File: download: role-a-mode-c.bin
[██████░░░░░░░░░░░░░░░░░░░░░░░░]  19.7% (49.36 KB / 250.00 KB) | Speed: -- B/s
File: download: role-a-mode-c.bin
[██████░░░░░░░░░░░░░░░░░░░░░░░░]  19.8% (49.49 KB / 250.00 KB) | Speed: -- B/s
File: download: role-a-mode-c.bin
[██████░░░░░░░░░░░░░░░░░░░░░░░░]  19.8% (49.61 KB / 250.00 KB) | Speed: -- B/s
File: download: role-a-mode-c.bin
[██████░░░░░░░░░░░░░░░░░░░░░░░░]  19.9% (49.73 KB / 250.00 KB) | Speed: -- B/s
File: download: role-a-mode-c.bin
[██████░░░░░░░░░░░░░░░░░░░░░░░░]  19.9% (49.86 KB / 250.00 KB) | Speed: -- B/s
File: download: role-a-mode-c.bin
[██████░░░░░░░░░░░░░░░░░░░░░░░░]  20.0% (49.98 KB / 250.00 KB) | Speed: -- B/s
File: download: role-a-mode-c.bin
[██████░░░░░░░░░░░░░░░░░░░░░░░░]  20.0% (50.11 KB / 250.00 KB) | Speed: -- B/s
File: download: role-a-mode-c.bin
[██████░░░░░░░░░░░░░░░░░░░░░░░░]  20.1% (50.23 KB / 250.00 KB) | Speed: -- B/s
File: download: role-a-mode-c.bin
[██████░░░░░░░░░░░░░░░░░░░░░░░░]  20.1% (50.35 KB / 250.00 KB) | Speed: -- B/s
File: download: role-a-mode-c.bin
[██████░░░░░░░░░░░░░░░░░░░░░░░░]  20.2% (50.48 KB / 250.00 KB) | Speed: -- B/s
File: download: role-a-mode-c.bin
[██████░░░░░░░░░░░░░░░░░░░░░░░░]  20.2% (50.60 KB / 250.00 KB) | Speed: -- B/s
File: download: role-a-mode-c.bin
[██████░░░░░░░░░░░░░░░░░░░░░░░░]  20.3% (50.73 KB / 250.00 KB) | Speed: -- B/s
File: download: role-a-mode-c.bin
[██████░░░░░░░░░░░░░░░░░░░░░░░░]  20.3% (50.85 KB / 250.00 KB) | Speed: -- B/s
File: download: role-a-mode-c.bin
[██████░░░░░░░░░░░░░░░░░░░░░░░░]  20.4% (50.97 KB / 250.00 KB) | Speed: -- B/s
File: download: role-a-mode-c.bin
[██████░░░░░░░░░░░░░░░░░░░░░░░░]  20.4% (51.10 KB / 250.00 KB) | Speed: -- B/s
File: download: role-a-mode-c.bin
[██████░░░░░░░░░░░░░░░░░░░░░░░░]  20.5% (51.22 KB / 250.00 KB) | Speed: -- B/s
File: download: role-a-mode-c.bin
[██████░░░░░░░░░░░░░░░░░░░░░░░░]  20.5% (51.35 KB / 250.00 KB) | Speed: -- B/s
File: download: role-a-mode-c.bin
[██████░░░░░░░░░░░░░░░░░░░░░░░░]  20.6% (51.47 KB / 250.00 KB) | Speed: -- B/s
File: download: role-a-mode-c.bin
[██████░░░░░░░░░░░░░░░░░░░░░░░░]  20.6% (51.59 KB / 250.00 KB) | Speed: -- B/s
File: download: role-a-mode-c.bin
[██████░░░░░░░░░░░░░░░░░░░░░░░░]  20.7% (51.72 KB / 250.00 KB) | Speed: -- B/s
File: download: role-a-mode-c.bin
[██████░░░░░░░░░░░░░░░░░░░░░░░░]  20.7% (51.84 KB / 250.00 KB) | Speed: -- B/s
File: download: role-a-mode-c.bin
[██████░░░░░░░░░░░░░░░░░░░░░░░░]  20.8% (51.97 KB / 250.00 KB) | Speed: -- B/s
File: download: role-a-mode-c.bin
[██████░░░░░░░░░░░░░░░░░░░░░░░░]  20.8% (52.09 KB / 250.00 KB) | Speed: -- B/s
File: download: role-a-mode-c.bin
[██████░░░░░░░░░░░░░░░░░░░░░░░░]  20.9% (52.21 KB / 250.00 KB) | Speed: -- B/s
File: download: role-a-mode-c.bin
[██████░░░░░░░░░░░░░░░░░░░░░░░░]  20.9% (52.34 KB / 250.00 KB) | Speed: -- B/s
File: download: role-a-mode-c.bin
[██████░░░░░░░░░░░░░░░░░░░░░░░░]  21.0% (52.46 KB / 250.00 KB) | Speed: -- B/s
File: download: role-a-mode-c.bin
[██████░░░░░░░░░░░░░░░░░░░░░░░░]  21.0% (52.59 KB / 250.00 KB) | Speed: -- B/s
File: download: role-a-mode-c.bin
[██████░░░░░░░░░░░░░░░░░░░░░░░░]  21.1% (52.71 KB / 250.00 KB) | Speed: -- B/s
File: download: role-a-mode-c.bin
[██████░░░░░░░░░░░░░░░░░░░░░░░░]  21.1% (52.83 KB / 250.00 KB) | Speed: -- B/s
File: download: role-a-mode-c.bin
[██████░░░░░░░░░░░░░░░░░░░░░░░░]  21.2% (52.96 KB / 250.00 KB) | Speed: -- B/s
File: download: role-a-mode-c.bin
[██████░░░░░░░░░░░░░░░░░░░░░░░░]  21.2% (53.08 KB / 250.00 KB) | Speed: -- B/s
File: download: role-a-mode-c.bin
[██████░░░░░░░░░░░░░░░░░░░░░░░░]  21.3% (53.21 KB / 250.00 KB) | Speed: -- B/s
File: download: role-a-mode-c.bin
[██████░░░░░░░░░░░░░░░░░░░░░░░░]  21.3% (53.33 KB / 250.00 KB) | Speed: -- B/s
File: download: role-a-mode-c.bin
[██████░░░░░░░░░░░░░░░░░░░░░░░░]  21.4% (53.45 KB / 250.00 KB) | Speed: -- B/s
File: download: role-a-mode-c.bin
[██████░░░░░░░░░░░░░░░░░░░░░░░░]  21.4% (53.58 KB / 250.00 KB) | Speed: -- B/s
File: download: role-a-mode-c.bin
[██████░░░░░░░░░░░░░░░░░░░░░░░░]  21.5% (53.70 KB / 250.00 KB) | Speed: -- B/s
File: download: role-a-mode-c.bin
[██████░░░░░░░░░░░░░░░░░░░░░░░░]  21.5% (53.83 KB / 250.00 KB) | Speed: -- B/s
File: download: role-a-mode-c.bin
[██████░░░░░░░░░░░░░░░░░░░░░░░░]  21.6% (53.95 KB / 250.00 KB) | Speed: -- B/s
File: download: role-a-mode-c.bin
[██████░░░░░░░░░░░░░░░░░░░░░░░░]  21.6% (54.07 KB / 250.00 KB) | Speed: -- B/s
File: download: role-a-mode-c.bin
[███████░░░░░░░░░░░░░░░░░░░░░░░]  21.7% (54.20 KB / 250.00 KB) | Speed: -- B/s
File: download: role-a-mode-c.bin
[███████░░░░░░░░░░░░░░░░░░░░░░░]  21.7% (54.32 KB / 250.00 KB) | Speed: -- B/s
File: download: role-a-mode-c.bin
[███████░░░░░░░░░░░░░░░░░░░░░░░]  21.8% (54.45 KB / 250.00 KB) | Speed: -- B/s
File: download: role-a-mode-c.bin
[███████░░░░░░░░░░░░░░░░░░░░░░░]  21.8% (54.57 KB / 250.00 KB) | Speed: -- B/s
File: download: role-a-mode-c.bin
[███████░░░░░░░░░░░░░░░░░░░░░░░]  21.9% (54.69 KB / 250.00 KB) | Speed: -- B/s
File: download: role-a-mode-c.bin
[███████░░░░░░░░░░░░░░░░░░░░░░░]  21.9% (54.82 KB / 250.00 KB) | Speed: -- B/s
File: download: role-a-mode-c.bin
[███████░░░░░░░░░░░░░░░░░░░░░░░]  22.0% (54.94 KB / 250.00 KB) | Speed: -- B/s
File: download: role-a-mode-c.bin
[███████░░░░░░░░░░░░░░░░░░░░░░░]  22.0% (55.07 KB / 250.00 KB) | Speed: -- B/s
File: download: role-a-mode-c.bin
[███████░░░░░░░░░░░░░░░░░░░░░░░]  22.1% (55.19 KB / 250.00 KB) | Speed: -- B/s
File: download: role-a-mode-c.bin
[███████░░░░░░░░░░░░░░░░░░░░░░░]  22.1% (55.31 KB / 250.00 KB) | Speed: -- B/s
File: download: role-a-mode-c.bin
[███████░░░░░░░░░░░░░░░░░░░░░░░]  22.2% (55.44 KB / 250.00 KB) | Speed: -- B/s
File: download: role-a-mode-c.bin
[███████░░░░░░░░░░░░░░░░░░░░░░░]  22.2% (55.56 KB / 250.00 KB) | Speed: -- B/s
File: download: role-a-mode-c.bin
[███████░░░░░░░░░░░░░░░░░░░░░░░]  22.3% (55.69 KB / 250.00 KB) | Speed: -- B/s
File: download: role-a-mode-c.bin
[███████░░░░░░░░░░░░░░░░░░░░░░░]  22.3% (55.81 KB / 250.00 KB) | Speed: -- B/s
File: download: role-a-mode-c.bin
[███████░░░░░░░░░░░░░░░░░░░░░░░]  22.4% (55.93 KB / 250.00 KB) | Speed: -- B/s
File: download: role-a-mode-c.bin
[███████░░░░░░░░░░░░░░░░░░░░░░░]  22.4% (56.06 KB / 250.00 KB) | Speed: -- B/s
File: download: role-a-mode-c.bin
[███████░░░░░░░░░░░░░░░░░░░░░░░]  22.5% (56.18 KB / 250.00 KB) | Speed: -- B/s
File: download: role-a-mode-c.bin
[███████░░░░░░░░░░░░░░░░░░░░░░░]  22.5% (56.31 KB / 250.00 KB) | Speed: -- B/s
File: download: role-a-mode-c.bin
[███████░░░░░░░░░░░░░░░░░░░░░░░]  22.6% (56.43 KB / 250.00 KB) | Speed: -- B/s
File: download: role-a-mode-c.bin
[███████░░░░░░░░░░░░░░░░░░░░░░░]  22.6% (56.55 KB / 250.00 KB) | Speed: -- B/s
File: download: role-a-mode-c.bin
[███████░░░░░░░░░░░░░░░░░░░░░░░]  22.7% (56.68 KB / 250.00 KB) | Speed: -- B/s
File: download: role-a-mode-c.bin
[███████░░░░░░░░░░░░░░░░░░░░░░░]  22.7% (56.80 KB / 250.00 KB) | Speed: -- B/s
File: download: role-a-mode-c.bin
[███████░░░░░░░░░░░░░░░░░░░░░░░]  22.8% (56.93 KB / 250.00 KB) | Speed: -- B/s
File: download: role-a-mode-c.bin
[███████░░░░░░░░░░░░░░░░░░░░░░░]  22.8% (57.05 KB / 250.00 KB) | Speed: -- B/s
File: download: role-a-mode-c.bin
[███████░░░░░░░░░░░░░░░░░░░░░░░]  22.9% (57.17 KB / 250.00 KB) | Speed: -- B/s
File: download: role-a-mode-c.bin
[███████░░░░░░░░░░░░░░░░░░░░░░░]  22.9% (57.30 KB / 250.00 KB) | Speed: -- B/s
File: download: role-a-mode-c.bin
[███████░░░░░░░░░░░░░░░░░░░░░░░]  23.0% (57.42 KB / 250.00 KB) | Speed: -- B/s
File: download: role-a-mode-c.bin
[███████░░░░░░░░░░░░░░░░░░░░░░░]  23.0% (57.55 KB / 250.00 KB) | Speed: -- B/s
File: download: role-a-mode-c.bin
[███████░░░░░░░░░░░░░░░░░░░░░░░]  23.1% (57.67 KB / 250.00 KB) | Speed: -- B/s
File: download: role-a-mode-c.bin
[███████░░░░░░░░░░░░░░░░░░░░░░░]  23.1% (57.79 KB / 250.00 KB) | Speed: -- B/s
File: download: role-a-mode-c.bin
[███████░░░░░░░░░░░░░░░░░░░░░░░]  23.2% (57.92 KB / 250.00 KB) | Speed: -- B/s
File: download: role-a-mode-c.bin
[███████░░░░░░░░░░░░░░░░░░░░░░░]  23.2% (58.04 KB / 250.00 KB) | Speed: -- B/s
File: download: role-a-mode-c.bin
[███████░░░░░░░░░░░░░░░░░░░░░░░]  23.3% (58.17 KB / 250.00 KB) | Speed: -- B/s
File: download: role-a-mode-c.bin
[███████░░░░░░░░░░░░░░░░░░░░░░░]  23.3% (58.29 KB / 250.00 KB) | Speed: -- B/s
File: download: role-a-mode-c.bin
[███████░░░░░░░░░░░░░░░░░░░░░░░]  23.4% (58.42 KB / 250.00 KB) | Speed: -- B/s
File: download: role-a-mode-c.bin
[███████░░░░░░░░░░░░░░░░░░░░░░░]  23.4% (58.54 KB / 250.00 KB) | Speed: -- B/s
File: download: role-a-mode-c.bin
[███████░░░░░░░░░░░░░░░░░░░░░░░]  23.5% (58.66 KB / 250.00 KB) | Speed: -- B/s
File: download: role-a-mode-c.bin
[███████░░░░░░░░░░░░░░░░░░░░░░░]  23.5% (58.79 KB / 250.00 KB) | Speed: -- B/s
File: download: role-a-mode-c.bin
[███████░░░░░░░░░░░░░░░░░░░░░░░]  23.6% (58.91 KB / 250.00 KB) | Speed: -- B/s
File: download: role-a-mode-c.bin
[███████░░░░░░░░░░░░░░░░░░░░░░░]  23.6% (59.04 KB / 250.00 KB) | Speed: -- B/s
File: download: role-a-mode-c.bin
[███████░░░░░░░░░░░░░░░░░░░░░░░]  23.7% (59.16 KB / 250.00 KB) | Speed: -- B/s
File: download: role-a-mode-c.bin
[███████░░░░░░░░░░░░░░░░░░░░░░░]  23.7% (59.28 KB / 250.00 KB) | Speed: -- B/s
File: download: role-a-mode-c.bin
[███████░░░░░░░░░░░░░░░░░░░░░░░]  23.8% (59.41 KB / 250.00 KB) | Speed: -- B/s
File: download: role-a-mode-c.bin
[███████░░░░░░░░░░░░░░░░░░░░░░░]  23.8% (59.53 KB / 250.00 KB) | Speed: -- B/s
File: download: role-a-mode-c.bin
[███████░░░░░░░░░░░░░░░░░░░░░░░]  23.9% (59.66 KB / 250.00 KB) | Speed: -- B/s
File: download: role-a-mode-c.bin
[███████░░░░░░░░░░░░░░░░░░░░░░░]  23.9% (59.78 KB / 250.00 KB) | Speed: -- B/s
File: download: role-a-mode-c.bin
[███████░░░░░░░░░░░░░░░░░░░░░░░]  24.0% (59.90 KB / 250.00 KB) | Speed: -- B/s
File: download: role-a-mode-c.bin
[███████░░░░░░░░░░░░░░░░░░░░░░░]  24.0% (60.03 KB / 250.00 KB) | Speed: -- B/s
File: download: role-a-mode-c.bin
[███████░░░░░░░░░░░░░░░░░░░░░░░]  24.1% (60.15 KB / 250.00 KB) | Speed: -- B/s
File: download: role-a-mode-c.bin
[███████░░░░░░░░░░░░░░░░░░░░░░░]  24.1% (60.28 KB / 250.00 KB) | Speed: -- B/s
File: download: role-a-mode-c.bin
[███████░░░░░░░░░░░░░░░░░░░░░░░]  24.2% (60.40 KB / 250.00 KB) | Speed: -- B/s
File: download: role-a-mode-c.bin
[███████░░░░░░░░░░░░░░░░░░░░░░░]  24.2% (60.52 KB / 250.00 KB) | Speed: -- B/s
File: download: role-a-mode-c.bin
[███████░░░░░░░░░░░░░░░░░░░░░░░]  24.3% (60.65 KB / 250.00 KB) | Speed: -- B/s
File: download: role-a-mode-c.bin
[███████░░░░░░░░░░░░░░░░░░░░░░░]  24.3% (60.77 KB / 250.00 KB) | Speed: -- B/s
File: download: role-a-mode-c.bin
[███████░░░░░░░░░░░░░░░░░░░░░░░]  24.4% (60.90 KB / 250.00 KB) | Speed: -- B/s
File: download: role-a-mode-c.bin
[███████░░░░░░░░░░░░░░░░░░░░░░░]  24.4% (61.02 KB / 250.00 KB) | Speed: -- B/s
File: download: role-a-mode-c.bin
[███████░░░░░░░░░░░░░░░░░░░░░░░]  24.5% (61.14 KB / 250.00 KB) | Speed: -- B/s
File: download: role-a-mode-c.bin
[███████░░░░░░░░░░░░░░░░░░░░░░░]  24.5% (61.27 KB / 250.00 KB) | Speed: -- B/s
File: download: role-a-mode-c.bin
[███████░░░░░░░░░░░░░░░░░░░░░░░]  24.6% (61.39 KB / 250.00 KB) | Speed: -- B/s
File: download: role-a-mode-c.bin
[███████░░░░░░░░░░░░░░░░░░░░░░░]  24.6% (61.52 KB / 250.00 KB) | Speed: -- B/s
File: download: role-a-mode-c.bin
[███████░░░░░░░░░░░░░░░░░░░░░░░]  24.7% (61.64 KB / 250.00 KB) | Speed: -- B/s
File: download: role-a-mode-c.bin
[███████░░░░░░░░░░░░░░░░░░░░░░░]  24.7% (61.76 KB / 250.00 KB) | Speed: -- B/s
File: download: role-a-mode-c.bin
[███████░░░░░░░░░░░░░░░░░░░░░░░]  24.8% (61.89 KB / 250.00 KB) | Speed: -- B/s
File: download: role-a-mode-c.bin
[███████░░░░░░░░░░░░░░░░░░░░░░░]  24.8% (62.01 KB / 250.00 KB) | Speed: -- B/s
File: download: role-a-mode-c.bin
[███████░░░░░░░░░░░░░░░░░░░░░░░]  24.9% (62.14 KB / 250.00 KB) | Speed: -- B/s
File: download: role-a-mode-c.bin
[███████░░░░░░░░░░░░░░░░░░░░░░░]  24.9% (62.26 KB / 250.00 KB) | Speed: -- B/s
File: download: role-a-mode-c.bin
[███████░░░░░░░░░░░░░░░░░░░░░░░]  25.0% (62.38 KB / 250.00 KB) | Speed: -- B/s
File: download: role-a-mode-c.bin
[████████░░░░░░░░░░░░░░░░░░░░░░]  25.0% (62.51 KB / 250.00 KB) | Speed: -- B/s
File: download: role-a-mode-c.bin
[████████░░░░░░░░░░░░░░░░░░░░░░]  25.1% (62.63 KB / 250.00 KB) | Speed: -- B/s
File: download: role-a-mode-c.bin
[████████░░░░░░░░░░░░░░░░░░░░░░]  25.1% (62.76 KB / 250.00 KB) | Speed: -- B/s
File: download: role-a-mode-c.bin
[████████░░░░░░░░░░░░░░░░░░░░░░]  25.2% (62.88 KB / 250.00 KB) | Speed: -- B/s
File: download: role-a-mode-c.bin
[████████░░░░░░░░░░░░░░░░░░░░░░]  25.2% (63.00 KB / 250.00 KB) | Speed: -- B/s
File: download: role-a-mode-c.bin
[████████░░░░░░░░░░░░░░░░░░░░░░]  25.3% (63.13 KB / 250.00 KB) | Speed: -- B/s
File: download: role-a-mode-c.bin
[████████░░░░░░░░░░░░░░░░░░░░░░]  25.3% (63.25 KB / 250.00 KB) | Speed: -- B/s
File: download: role-a-mode-c.bin
[████████░░░░░░░░░░░░░░░░░░░░░░]  25.4% (63.38 KB / 250.00 KB) | Speed: -- B/s
File: download: role-a-mode-c.bin
[████████░░░░░░░░░░░░░░░░░░░░░░]  25.4% (63.50 KB / 250.00 KB) | Speed: -- B/s
File: download: role-a-mode-c.bin
[████████░░░░░░░░░░░░░░░░░░░░░░]  25.4% (63.62 KB / 250.00 KB) | Speed: -- B/s
File: download: role-a-mode-c.bin
[████████░░░░░░░░░░░░░░░░░░░░░░]  25.5% (63.75 KB / 250.00 KB) | Speed: -- B/s
File: download: role-a-mode-c.bin
[████████░░░░░░░░░░░░░░░░░░░░░░]  25.5% (63.87 KB / 250.00 KB) | Speed: -- B/s
File: download: role-a-mode-c.bin
[████████░░░░░░░░░░░░░░░░░░░░░░]  25.6% (64.00 KB / 250.00 KB) | Speed: -- B/s
File: download: role-a-mode-c.bin
[████████░░░░░░░░░░░░░░░░░░░░░░]  25.6% (64.12 KB / 250.00 KB) | Speed: -- B/s
File: download: role-a-mode-c.bin
[████████░░░░░░░░░░░░░░░░░░░░░░]  25.7% (64.24 KB / 250.00 KB) | Speed: -- B/s
File: download: role-a-mode-c.bin
[████████░░░░░░░░░░░░░░░░░░░░░░]  25.7% (64.37 KB / 250.00 KB) | Speed: -- B/s
File: download: role-a-mode-c.bin
[████████░░░░░░░░░░░░░░░░░░░░░░]  25.8% (64.49 KB / 250.00 KB) | Speed: -- B/s
File: download: role-a-mode-c.bin
[████████░░░░░░░░░░░░░░░░░░░░░░]  25.8% (64.62 KB / 250.00 KB) | Speed: -- B/s
File: download: role-a-mode-c.bin
[████████░░░░░░░░░░░░░░░░░░░░░░]  25.9% (64.74 KB / 250.00 KB) | Speed: -- B/s
File: download: role-a-mode-c.bin
[████████░░░░░░░░░░░░░░░░░░░░░░]  25.9% (64.86 KB / 250.00 KB) | Speed: -- B/s
File: download: role-a-mode-c.bin
[████████░░░░░░░░░░░░░░░░░░░░░░]  26.0% (64.99 KB / 250.00 KB) | Speed: -- B/s
File: download: role-a-mode-c.bin
[████████░░░░░░░░░░░░░░░░░░░░░░]  26.0% (65.11 KB / 250.00 KB) | Speed: -- B/s
File: download: role-a-mode-c.bin
[████████░░░░░░░░░░░░░░░░░░░░░░]  26.1% (65.24 KB / 250.00 KB) | Speed: -- B/s
File: download: role-a-mode-c.bin
[████████░░░░░░░░░░░░░░░░░░░░░░]  26.1% (65.36 KB / 250.00 KB) | Speed: -- B/s
File: download: role-a-mode-c.bin
[████████░░░░░░░░░░░░░░░░░░░░░░]  26.2% (65.48 KB / 250.00 KB) | Speed: -- B/s
File: download: role-a-mode-c.bin
[████████░░░░░░░░░░░░░░░░░░░░░░]  26.2% (65.61 KB / 250.00 KB) | Speed: -- B/s
File: download: role-a-mode-c.bin
[████████░░░░░░░░░░░░░░░░░░░░░░]  26.3% (65.73 KB / 250.00 KB) | Speed: -- B/s
File: download: role-a-mode-c.bin
[████████░░░░░░░░░░░░░░░░░░░░░░]  26.3% (65.86 KB / 250.00 KB) | Speed: -- B/s
File: download: role-a-mode-c.bin
[████████░░░░░░░░░░░░░░░░░░░░░░]  26.4% (65.98 KB / 250.00 KB) | Speed: -- B/s
File: download: role-a-mode-c.bin
[████████░░░░░░░░░░░░░░░░░░░░░░]  26.4% (66.10 KB / 250.00 KB) | Speed: -- B/s
File: download: role-a-mode-c.bin
[████████░░░░░░░░░░░░░░░░░░░░░░]  26.5% (66.23 KB / 250.00 KB) | Speed: -- B/s
File: download: role-a-mode-c.bin
[████████░░░░░░░░░░░░░░░░░░░░░░]  26.5% (66.35 KB / 250.00 KB) | Speed: -- B/s
File: download: role-a-mode-c.bin
[████████░░░░░░░░░░░░░░░░░░░░░░]  26.6% (66.48 KB / 250.00 KB) | Speed: -- B/s
File: download: role-a-mode-c.bin
[████████░░░░░░░░░░░░░░░░░░░░░░]  26.6% (66.60 KB / 250.00 KB) | Speed: -- B/s
File: download: role-a-mode-c.bin
[████████░░░░░░░░░░░░░░░░░░░░░░]  26.7% (66.72 KB / 250.00 KB) | Speed: -- B/s
File: download: role-a-mode-c.bin
[████████░░░░░░░░░░░░░░░░░░░░░░]  26.7% (66.85 KB / 250.00 KB) | Speed: -- B/s
File: download: role-a-mode-c.bin
[████████░░░░░░░░░░░░░░░░░░░░░░]  26.8% (66.97 KB / 250.00 KB) | Speed: -- B/s
File: download: role-a-mode-c.bin
[████████░░░░░░░░░░░░░░░░░░░░░░]  26.8% (67.10 KB / 250.00 KB) | Speed: -- B/s
File: download: role-a-mode-c.bin
[████████░░░░░░░░░░░░░░░░░░░░░░]  26.9% (67.22 KB / 250.00 KB) | Speed: -- B/s
File: download: role-a-mode-c.bin
[████████░░░░░░░░░░░░░░░░░░░░░░]  26.9% (67.34 KB / 250.00 KB) | Speed: -- B/s
File: download: role-a-mode-c.bin
[████████░░░░░░░░░░░░░░░░░░░░░░]  27.0% (67.47 KB / 250.00 KB) | Speed: -- B/s
File: download: role-a-mode-c.bin
[████████░░░░░░░░░░░░░░░░░░░░░░]  27.0% (67.59 KB / 250.00 KB) | Speed: -- B/s
File: download: role-a-mode-c.bin
[████████░░░░░░░░░░░░░░░░░░░░░░]  27.1% (67.72 KB / 250.00 KB) | Speed: -- B/s
File: download: role-a-mode-c.bin
[████████░░░░░░░░░░░░░░░░░░░░░░]  27.1% (67.84 KB / 250.00 KB) | Speed: -- B/s
File: download: role-a-mode-c.bin
[████████░░░░░░░░░░░░░░░░░░░░░░]  27.2% (67.96 KB / 250.00 KB) | Speed: -- B/s
File: download: role-a-mode-c.bin
[████████░░░░░░░░░░░░░░░░░░░░░░]  27.2% (68.09 KB / 250.00 KB) | Speed: -- B/s
File: download: role-a-mode-c.bin
[████████░░░░░░░░░░░░░░░░░░░░░░]  27.3% (68.21 KB / 250.00 KB) | Speed: -- B/s
File: download: role-a-mode-c.bin
[████████░░░░░░░░░░░░░░░░░░░░░░]  27.3% (68.34 KB / 250.00 KB) | Speed: -- B/s
File: download: role-a-mode-c.bin
[████████░░░░░░░░░░░░░░░░░░░░░░]  27.4% (68.46 KB / 250.00 KB) | Speed: -- B/s
File: download: role-a-mode-c.bin
[████████░░░░░░░░░░░░░░░░░░░░░░]  27.4% (68.58 KB / 250.00 KB) | Speed: -- B/s
File: download: role-a-mode-c.bin
[████████░░░░░░░░░░░░░░░░░░░░░░]  27.5% (68.71 KB / 250.00 KB) | Speed: -- B/s
File: download: role-a-mode-c.bin
[████████░░░░░░░░░░░░░░░░░░░░░░]  27.5% (68.83 KB / 250.00 KB) | Speed: -- B/s
File: download: role-a-mode-c.bin
[████████░░░░░░░░░░░░░░░░░░░░░░]  27.6% (68.96 KB / 250.00 KB) | Speed: -- B/s
File: download: role-a-mode-c.bin
[████████░░░░░░░░░░░░░░░░░░░░░░]  27.6% (69.08 KB / 250.00 KB) | Speed: -- B/s
File: download: role-a-mode-c.bin
[████████░░░░░░░░░░░░░░░░░░░░░░]  27.7% (69.21 KB / 250.00 KB) | Speed: -- B/s
File: download: role-a-mode-c.bin
[████████░░░░░░░░░░░░░░░░░░░░░░]  27.7% (69.33 KB / 250.00 KB) | Speed: -- B/s
File: download: role-a-mode-c.bin
[████████░░░░░░░░░░░░░░░░░░░░░░]  27.8% (69.45 KB / 250.00 KB) | Speed: -- B/s
File: download: role-a-mode-c.bin
[████████░░░░░░░░░░░░░░░░░░░░░░]  27.8% (69.58 KB / 250.00 KB) | Speed: -- B/s
File: download: role-a-mode-c.bin
[████████░░░░░░░░░░░░░░░░░░░░░░]  27.9% (69.70 KB / 250.00 KB) | Speed: -- B/s
File: download: role-a-mode-c.bin
[████████░░░░░░░░░░░░░░░░░░░░░░]  27.9% (69.83 KB / 250.00 KB) | Speed: -- B/s
File: download: role-a-mode-c.bin
[████████░░░░░░░░░░░░░░░░░░░░░░]  28.0% (69.95 KB / 250.00 KB) | Speed: -- B/s
File: download: role-a-mode-c.bin
[████████░░░░░░░░░░░░░░░░░░░░░░]  28.0% (70.07 KB / 250.00 KB) | Speed: -- B/s
File: download: role-a-mode-c.bin
[████████░░░░░░░░░░░░░░░░░░░░░░]  28.1% (70.20 KB / 250.00 KB) | Speed: -- B/s
File: download: role-a-mode-c.bin
[████████░░░░░░░░░░░░░░░░░░░░░░]  28.1% (70.32 KB / 250.00 KB) | Speed: -- B/s
File: download: role-a-mode-c.bin
[████████░░░░░░░░░░░░░░░░░░░░░░]  28.2% (70.45 KB / 250.00 KB) | Speed: -- B/s
File: download: role-a-mode-c.bin
[████████░░░░░░░░░░░░░░░░░░░░░░]  28.2% (70.57 KB / 250.00 KB) | Speed: -- B/s
File: download: role-a-mode-c.bin
[████████░░░░░░░░░░░░░░░░░░░░░░]  28.3% (70.69 KB / 250.00 KB) | Speed: -- B/s
File: download: role-a-mode-c.bin
[████████░░░░░░░░░░░░░░░░░░░░░░]  28.3% (70.82 KB / 250.00 KB) | Speed: -- B/s
File: download: role-a-mode-c.bin
[█████████░░░░░░░░░░░░░░░░░░░░░]  28.4% (70.94 KB / 250.00 KB) | Speed: -- B/s
File: download: role-a-mode-c.bin
[█████████░░░░░░░░░░░░░░░░░░░░░]  28.4% (71.07 KB / 250.00 KB) | Speed: -- B/s
File: download: role-a-mode-c.bin
[█████████░░░░░░░░░░░░░░░░░░░░░]  28.5% (71.19 KB / 250.00 KB) | Speed: -- B/s
File: download: role-a-mode-c.bin
[█████████░░░░░░░░░░░░░░░░░░░░░]  28.5% (71.31 KB / 250.00 KB) | Speed: -- B/s
File: download: role-a-mode-c.bin
[█████████░░░░░░░░░░░░░░░░░░░░░]  28.6% (71.44 KB / 250.00 KB) | Speed: -- B/s
File: download: role-a-mode-c.bin
[█████████░░░░░░░░░░░░░░░░░░░░░]  28.6% (71.56 KB / 250.00 KB) | Speed: -- B/s
File: download: role-a-mode-c.bin
[█████████░░░░░░░░░░░░░░░░░░░░░]  28.7% (71.69 KB / 250.00 KB) | Speed: -- B/s
File: download: role-a-mode-c.bin
[█████████░░░░░░░░░░░░░░░░░░░░░]  28.7% (71.81 KB / 250.00 KB) | Speed: -- B/s
File: download: role-a-mode-c.bin
[█████████░░░░░░░░░░░░░░░░░░░░░]  28.8% (71.93 KB / 250.00 KB) | Speed: -- B/s
File: download: role-a-mode-c.bin
[█████████░░░░░░░░░░░░░░░░░░░░░]  28.8% (72.06 KB / 250.00 KB) | Speed: -- B/s
File: download: role-a-mode-c.bin
[█████████░░░░░░░░░░░░░░░░░░░░░]  28.9% (72.18 KB / 250.00 KB) | Speed: -- B/s
File: download: role-a-mode-c.bin
[█████████░░░░░░░░░░░░░░░░░░░░░]  28.9% (72.31 KB / 250.00 KB) | Speed: -- B/s
File: download: role-a-mode-c.bin
[█████████░░░░░░░░░░░░░░░░░░░░░]  29.0% (72.43 KB / 250.00 KB) | Speed: -- B/s
File: download: role-a-mode-c.bin
[█████████░░░░░░░░░░░░░░░░░░░░░]  29.0% (72.55 KB / 250.00 KB) | Speed: -- B/s
File: download: role-a-mode-c.bin
[█████████░░░░░░░░░░░░░░░░░░░░░]  29.1% (72.68 KB / 250.00 KB) | Speed: -- B/s
File: download: role-a-mode-c.bin
[█████████░░░░░░░░░░░░░░░░░░░░░]  29.1% (72.80 KB / 250.00 KB) | Speed: -- B/s
File: download: role-a-mode-c.bin
[█████████░░░░░░░░░░░░░░░░░░░░░]  29.2% (72.93 KB / 250.00 KB) | Speed: -- B/s
File: download: role-a-mode-c.bin
[█████████░░░░░░░░░░░░░░░░░░░░░]  29.2% (73.05 KB / 250.00 KB) | Speed: -- B/s
File: download: role-a-mode-c.bin
[█████████░░░░░░░░░░░░░░░░░░░░░]  29.3% (73.17 KB / 250.00 KB) | Speed: -- B/s
File: download: role-a-mode-c.bin
[█████████░░░░░░░░░░░░░░░░░░░░░]  29.3% (73.30 KB / 250.00 KB) | Speed: -- B/s
File: download: role-a-mode-c.bin
[█████████░░░░░░░░░░░░░░░░░░░░░]  29.4% (73.42 KB / 250.00 KB) | Speed: -- B/s
File: download: role-a-mode-c.bin
[█████████░░░░░░░░░░░░░░░░░░░░░]  29.4% (73.55 KB / 250.00 KB) | Speed: -- B/s
File: download: role-a-mode-c.bin
[█████████░░░░░░░░░░░░░░░░░░░░░]  29.5% (73.67 KB / 250.00 KB) | Speed: -- B/s
File: download: role-a-mode-c.bin
[█████████░░░░░░░░░░░░░░░░░░░░░]  29.5% (73.79 KB / 250.00 KB) | Speed: -- B/s
File: download: role-a-mode-c.bin
[█████████░░░░░░░░░░░░░░░░░░░░░]  29.6% (73.92 KB / 250.00 KB) | Speed: -- B/s
File: download: role-a-mode-c.bin
[█████████░░░░░░░░░░░░░░░░░░░░░]  29.6% (74.04 KB / 250.00 KB) | Speed: -- B/s
File: download: role-a-mode-c.bin
[█████████░░░░░░░░░░░░░░░░░░░░░]  29.7% (74.17 KB / 250.00 KB) | Speed: -- B/s
File: download: role-a-mode-c.bin
[█████████░░░░░░░░░░░░░░░░░░░░░]  29.7% (74.29 KB / 250.00 KB) | Speed: -- B/s
File: download: role-a-mode-c.bin
[█████████░░░░░░░░░░░░░░░░░░░░░]  29.8% (74.41 KB / 250.00 KB) | Speed: -- B/s
File: download: role-a-mode-c.bin
[█████████░░░░░░░░░░░░░░░░░░░░░]  29.8% (74.54 KB / 250.00 KB) | Speed: -- B/s
File: download: role-a-mode-c.bin
[█████████░░░░░░░░░░░░░░░░░░░░░]  29.9% (74.66 KB / 250.00 KB) | Speed: -- B/s
File: download: role-a-mode-c.bin
[█████████░░░░░░░░░░░░░░░░░░░░░]  29.9% (74.79 KB / 250.00 KB) | Speed: -- B/s
File: download: role-a-mode-c.bin
[█████████░░░░░░░░░░░░░░░░░░░░░]  30.0% (74.91 KB / 250.00 KB) | Speed: -- B/s
File: download: role-a-mode-c.bin
[█████████░░░░░░░░░░░░░░░░░░░░░]  30.0% (75.03 KB / 250.00 KB) | Speed: -- B/s
File: download: role-a-mode-c.bin
[█████████░░░░░░░░░░░░░░░░░░░░░]  30.1% (75.16 KB / 250.00 KB) | Speed: -- B/s
File: download: role-a-mode-c.bin
[█████████░░░░░░░░░░░░░░░░░░░░░]  30.1% (75.28 KB / 250.00 KB) | Speed: -- B/s
File: download: role-a-mode-c.bin
[█████████░░░░░░░░░░░░░░░░░░░░░]  30.2% (75.41 KB / 250.00 KB) | Speed: -- B/s
File: download: role-a-mode-c.bin
[█████████░░░░░░░░░░░░░░░░░░░░░]  30.2% (75.53 KB / 250.00 KB) | Speed: -- B/s
File: download: role-a-mode-c.bin
[█████████░░░░░░░░░░░░░░░░░░░░░]  30.3% (75.65 KB / 250.00 KB) | Speed: -- B/s
File: download: role-a-mode-c.bin
[█████████░░░░░░░░░░░░░░░░░░░░░]  30.3% (75.78 KB / 250.00 KB) | Speed: -- B/s
File: download: role-a-mode-c.bin
[█████████░░░░░░░░░░░░░░░░░░░░░]  30.4% (75.90 KB / 250.00 KB) | Speed: -- B/s
File: download: role-a-mode-c.bin
[█████████░░░░░░░░░░░░░░░░░░░░░]  30.4% (76.03 KB / 250.00 KB) | Speed: -- B/s
File: download: role-a-mode-c.bin
[█████████░░░░░░░░░░░░░░░░░░░░░]  30.5% (76.15 KB / 250.00 KB) | Speed: -- B/s
File: download: role-a-mode-c.bin
[█████████░░░░░░░░░░░░░░░░░░░░░]  30.5% (76.27 KB / 250.00 KB) | Speed: -- B/s
File: download: role-a-mode-c.bin
[█████████░░░░░░░░░░░░░░░░░░░░░]  30.6% (76.40 KB / 250.00 KB) | Speed: -- B/s
File: download: role-a-mode-c.bin
[█████████░░░░░░░░░░░░░░░░░░░░░]  30.6% (76.52 KB / 250.00 KB) | Speed: -- B/s
File: download: role-a-mode-c.bin
[█████████░░░░░░░░░░░░░░░░░░░░░]  30.7% (76.65 KB / 250.00 KB) | Speed: -- B/s
File: download: role-a-mode-c.bin
[█████████░░░░░░░░░░░░░░░░░░░░░]  30.7% (76.77 KB / 250.00 KB) | Speed: -- B/s
File: download: role-a-mode-c.bin
[█████████░░░░░░░░░░░░░░░░░░░░░]  30.8% (76.89 KB / 250.00 KB) | Speed: -- B/s
File: download: role-a-mode-c.bin
[█████████░░░░░░░░░░░░░░░░░░░░░]  30.8% (77.02 KB / 250.00 KB) | Speed: -- B/s
File: download: role-a-mode-c.bin
[█████████░░░░░░░░░░░░░░░░░░░░░]  30.9% (77.14 KB / 250.00 KB) | Speed: -- B/s
File: download: role-a-mode-c.bin
[█████████░░░░░░░░░░░░░░░░░░░░░]  30.9% (77.27 KB / 250.00 KB) | Speed: -- B/s
File: download: role-a-mode-c.bin
[█████████░░░░░░░░░░░░░░░░░░░░░]  31.0% (77.39 KB / 250.00 KB) | Speed: -- B/s
File: download: role-a-mode-c.bin
[█████████░░░░░░░░░░░░░░░░░░░░░]  31.0% (77.51 KB / 250.00 KB) | Speed: -- B/s
File: download: role-a-mode-c.bin
[█████████░░░░░░░░░░░░░░░░░░░░░]  31.1% (77.64 KB / 250.00 KB) | Speed: -- B/s
File: download: role-a-mode-c.bin
[█████████░░░░░░░░░░░░░░░░░░░░░]  31.1% (77.76 KB / 250.00 KB) | Speed: -- B/s
File: download: role-a-mode-c.bin
[█████████░░░░░░░░░░░░░░░░░░░░░]  31.2% (77.89 KB / 250.00 KB) | Speed: -- B/s
File: download: role-a-mode-c.bin
[█████████░░░░░░░░░░░░░░░░░░░░░]  31.2% (78.01 KB / 250.00 KB) | Speed: -- B/s
File: download: role-a-mode-c.bin
[█████████░░░░░░░░░░░░░░░░░░░░░]  31.3% (78.13 KB / 250.00 KB) | Speed: -- B/s
File: download: role-a-mode-c.bin
[█████████░░░░░░░░░░░░░░░░░░░░░]  31.3% (78.26 KB / 250.00 KB) | Speed: -- B/s
File: download: role-a-mode-c.bin
[█████████░░░░░░░░░░░░░░░░░░░░░]  31.4% (78.38 KB / 250.00 KB) | Speed: -- B/s
File: download: role-a-mode-c.bin
[█████████░░░░░░░░░░░░░░░░░░░░░]  31.4% (78.51 KB / 250.00 KB) | Speed: -- B/s
File: download: role-a-mode-c.bin
[█████████░░░░░░░░░░░░░░░░░░░░░]  31.5% (78.63 KB / 250.00 KB) | Speed: -- B/s
File: download: role-a-mode-c.bin
[█████████░░░░░░░░░░░░░░░░░░░░░]  31.5% (78.75 KB / 250.00 KB) | Speed: -- B/s
File: download: role-a-mode-c.bin
[█████████░░░░░░░░░░░░░░░░░░░░░]  31.6% (78.88 KB / 250.00 KB) | Speed: -- B/s
File: download: role-a-mode-c.bin
[█████████░░░░░░░░░░░░░░░░░░░░░]  31.6% (79.00 KB / 250.00 KB) | Speed: -- B/s
File: download: role-a-mode-c.bin
[█████████░░░░░░░░░░░░░░░░░░░░░]  31.7% (79.13 KB / 250.00 KB) | Speed: -- B/s
File: download: role-a-mode-c.bin
[██████████░░░░░░░░░░░░░░░░░░░░]  31.7% (79.25 KB / 250.00 KB) | Speed: -- B/s
File: download: role-a-mode-c.bin
[██████████░░░░░░░░░░░░░░░░░░░░]  31.8% (79.38 KB / 250.00 KB) | Speed: -- B/s
File: download: role-a-mode-c.bin
[██████████░░░░░░░░░░░░░░░░░░░░]  31.8% (79.50 KB / 250.00 KB) | Speed: -- B/s
File: download: role-a-mode-c.bin
[██████████░░░░░░░░░░░░░░░░░░░░]  31.8% (79.62 KB / 250.00 KB) | Speed: -- B/s
File: download: role-a-mode-c.bin
[██████████░░░░░░░░░░░░░░░░░░░░]  31.9% (79.75 KB / 250.00 KB) | Speed: -- B/s
File: download: role-a-mode-c.bin
[██████████░░░░░░░░░░░░░░░░░░░░]  31.9% (79.87 KB / 250.00 KB) | Speed: -- B/s
File: download: role-a-mode-c.bin
[██████████░░░░░░░░░░░░░░░░░░░░]  32.0% (80.00 KB / 250.00 KB) | Speed: -- B/s
File: download: role-a-mode-c.bin
[██████████░░░░░░░░░░░░░░░░░░░░]  32.0% (80.12 KB / 250.00 KB) | Speed: -- B/s
File: download: role-a-mode-c.bin
[██████████░░░░░░░░░░░░░░░░░░░░]  32.1% (80.24 KB / 250.00 KB) | Speed: -- B/s
File: download: role-a-mode-c.bin
[██████████░░░░░░░░░░░░░░░░░░░░]  32.1% (80.37 KB / 250.00 KB) | Speed: -- B/s
File: download: role-a-mode-c.bin
[██████████░░░░░░░░░░░░░░░░░░░░]  32.2% (80.49 KB / 250.00 KB) | Speed: -- B/s
File: download: role-a-mode-c.bin
[██████████░░░░░░░░░░░░░░░░░░░░]  32.2% (80.62 KB / 250.00 KB) | Speed: -- B/s
File: download: role-a-mode-c.bin
[██████████░░░░░░░░░░░░░░░░░░░░]  32.3% (80.74 KB / 250.00 KB) | Speed: -- B/s
File: download: role-a-mode-c.bin
[██████████░░░░░░░░░░░░░░░░░░░░]  32.3% (80.86 KB / 250.00 KB) | Speed: -- B/s
File: download: role-a-mode-c.bin
[██████████░░░░░░░░░░░░░░░░░░░░]  32.4% (80.99 KB / 250.00 KB) | Speed: -- B/s
File: download: role-a-mode-c.bin
[██████████░░░░░░░░░░░░░░░░░░░░]  32.4% (81.11 KB / 250.00 KB) | Speed: -- B/s
File: download: role-a-mode-c.bin
[██████████░░░░░░░░░░░░░░░░░░░░]  32.5% (81.24 KB / 250.00 KB) | Speed: -- B/s
File: download: role-a-mode-c.bin
[██████████░░░░░░░░░░░░░░░░░░░░]  32.5% (81.36 KB / 250.00 KB) | Speed: -- B/s
File: download: role-a-mode-c.bin
[██████████░░░░░░░░░░░░░░░░░░░░]  32.6% (81.48 KB / 250.00 KB) | Speed: -- B/s
File: download: role-a-mode-c.bin
[██████████░░░░░░░░░░░░░░░░░░░░]  32.6% (81.61 KB / 250.00 KB) | Speed: -- B/s
File: download: role-a-mode-c.bin
[██████████░░░░░░░░░░░░░░░░░░░░]  32.7% (81.73 KB / 250.00 KB) | Speed: -- B/s
File: download: role-a-mode-c.bin
[██████████░░░░░░░░░░░░░░░░░░░░]  32.7% (81.86 KB / 250.00 KB) | Speed: -- B/s
File: download: role-a-mode-c.bin
[██████████░░░░░░░░░░░░░░░░░░░░]  32.8% (81.98 KB / 250.00 KB) | Speed: -- B/s
File: download: role-a-mode-c.bin
[██████████░░░░░░░░░░░░░░░░░░░░]  32.8% (82.10 KB / 250.00 KB) | Speed: -- B/s
File: download: role-a-mode-c.bin
[██████████░░░░░░░░░░░░░░░░░░░░]  32.9% (82.23 KB / 250.00 KB) | Speed: -- B/s
File: download: role-a-mode-c.bin
[██████████░░░░░░░░░░░░░░░░░░░░]  32.9% (82.35 KB / 250.00 KB) | Speed: -- B/s
File: download: role-a-mode-c.bin
[██████████░░░░░░░░░░░░░░░░░░░░]  33.0% (82.48 KB / 250.00 KB) | Speed: -- B/s
File: download: role-a-mode-c.bin
[██████████░░░░░░░░░░░░░░░░░░░░]  33.0% (82.60 KB / 250.00 KB) | Speed: -- B/s
File: download: role-a-mode-c.bin
[██████████░░░░░░░░░░░░░░░░░░░░]  33.1% (82.72 KB / 250.00 KB) | Speed: -- B/s
File: download: role-a-mode-c.bin
[██████████░░░░░░░░░░░░░░░░░░░░]  33.1% (82.85 KB / 250.00 KB) | Speed: -- B/s
File: download: role-a-mode-c.bin
[██████████░░░░░░░░░░░░░░░░░░░░]  33.2% (82.97 KB / 250.00 KB) | Speed: -- B/s
File: download: role-a-mode-c.bin
[██████████░░░░░░░░░░░░░░░░░░░░]  33.2% (83.10 KB / 250.00 KB) | Speed: -- B/s
File: download: role-a-mode-c.bin
[██████████░░░░░░░░░░░░░░░░░░░░]  33.3% (83.22 KB / 250.00 KB) | Speed: -- B/s
File: download: role-a-mode-c.bin
[██████████░░░░░░░░░░░░░░░░░░░░]  33.3% (83.34 KB / 250.00 KB) | Speed: -- B/s
File: download: role-a-mode-c.bin
[██████████░░░░░░░░░░░░░░░░░░░░]  33.4% (83.47 KB / 250.00 KB) | Speed: -- B/s
File: download: role-a-mode-c.bin
[██████████░░░░░░░░░░░░░░░░░░░░]  33.4% (83.59 KB / 250.00 KB) | Speed: -- B/s
File: download: role-a-mode-c.bin
[██████████░░░░░░░░░░░░░░░░░░░░]  33.5% (83.72 KB / 250.00 KB) | Speed: -- B/s
File: download: role-a-mode-c.bin
[██████████░░░░░░░░░░░░░░░░░░░░]  33.5% (83.84 KB / 250.00 KB) | Speed: -- B/s
File: download: role-a-mode-c.bin
[██████████░░░░░░░░░░░░░░░░░░░░]  33.6% (83.96 KB / 250.00 KB) | Speed: -- B/s
File: download: role-a-mode-c.bin
[██████████░░░░░░░░░░░░░░░░░░░░]  33.6% (84.09 KB / 250.00 KB) | Speed: -- B/s
File: download: role-a-mode-c.bin
[██████████░░░░░░░░░░░░░░░░░░░░]  33.7% (84.21 KB / 250.00 KB) | Speed: -- B/s
File: download: role-a-mode-c.bin
[██████████░░░░░░░░░░░░░░░░░░░░]  33.7% (84.34 KB / 250.00 KB) | Speed: -- B/s
File: download: role-a-mode-c.bin
[██████████░░░░░░░░░░░░░░░░░░░░]  33.8% (84.46 KB / 250.00 KB) | Speed: -- B/s
File: download: role-a-mode-c.bin
[██████████░░░░░░░░░░░░░░░░░░░░]  33.8% (84.58 KB / 250.00 KB) | Speed: -- B/s
File: download: role-a-mode-c.bin
[██████████░░░░░░░░░░░░░░░░░░░░]  33.9% (84.71 KB / 250.00 KB) | Speed: -- B/s
File: download: role-a-mode-c.bin
[██████████░░░░░░░░░░░░░░░░░░░░]  33.9% (84.83 KB / 250.00 KB) | Speed: -- B/s
File: download: role-a-mode-c.bin
[██████████░░░░░░░░░░░░░░░░░░░░]  34.0% (84.96 KB / 250.00 KB) | Speed: -- B/s
File: download: role-a-mode-c.bin
[██████████░░░░░░░░░░░░░░░░░░░░]  34.0% (85.08 KB / 250.00 KB) | Speed: -- B/s
File: download: role-a-mode-c.bin
[██████████░░░░░░░░░░░░░░░░░░░░]  34.1% (85.20 KB / 250.00 KB) | Speed: -- B/s
File: download: role-a-mode-c.bin
[██████████░░░░░░░░░░░░░░░░░░░░]  34.1% (85.33 KB / 250.00 KB) | Speed: -- B/s
File: download: role-a-mode-c.bin
[██████████░░░░░░░░░░░░░░░░░░░░]  34.2% (85.45 KB / 250.00 KB) | Speed: -- B/s
File: download: role-a-mode-c.bin
[██████████░░░░░░░░░░░░░░░░░░░░]  34.2% (85.58 KB / 250.00 KB) | Speed: -- B/s
File: download: role-a-mode-c.bin
[██████████░░░░░░░░░░░░░░░░░░░░]  34.3% (85.70 KB / 250.00 KB) | Speed: -- B/s
File: download: role-a-mode-c.bin
[██████████░░░░░░░░░░░░░░░░░░░░]  34.3% (85.82 KB / 250.00 KB) | Speed: -- B/s
File: download: role-a-mode-c.bin
[██████████░░░░░░░░░░░░░░░░░░░░]  34.4% (85.95 KB / 250.00 KB) | Speed: -- B/s
File: download: role-a-mode-c.bin
[██████████░░░░░░░░░░░░░░░░░░░░]  34.4% (86.07 KB / 250.00 KB) | Speed: -- B/s
File: download: role-a-mode-c.bin
[██████████░░░░░░░░░░░░░░░░░░░░]  34.5% (86.20 KB / 250.00 KB) | Speed: -- B/s
File: download: role-a-mode-c.bin
[██████████░░░░░░░░░░░░░░░░░░░░]  34.5% (86.32 KB / 250.00 KB) | Speed: -- B/s
File: download: role-a-mode-c.bin
[██████████░░░░░░░░░░░░░░░░░░░░]  34.6% (86.44 KB / 250.00 KB) | Speed: -- B/s
File: download: role-a-mode-c.bin
[██████████░░░░░░░░░░░░░░░░░░░░]  34.6% (86.57 KB / 250.00 KB) | Speed: -- B/s
File: download: role-a-mode-c.bin
[██████████░░░░░░░░░░░░░░░░░░░░]  34.7% (86.69 KB / 250.00 KB) | Speed: -- B/s
File: download: role-a-mode-c.bin
[██████████░░░░░░░░░░░░░░░░░░░░]  34.7% (86.82 KB / 250.00 KB) | Speed: -- B/s
File: download: role-a-mode-c.bin
[██████████░░░░░░░░░░░░░░░░░░░░]  34.8% (86.94 KB / 250.00 KB) | Speed: -- B/s
File: download: role-a-mode-c.bin
[██████████░░░░░░░░░░░░░░░░░░░░]  34.8% (87.06 KB / 250.00 KB) | Speed: -- B/s
File: download: role-a-mode-c.bin
[██████████░░░░░░░░░░░░░░░░░░░░]  34.9% (87.19 KB / 250.00 KB) | Speed: -- B/s
File: download: role-a-mode-c.bin
[██████████░░░░░░░░░░░░░░░░░░░░]  34.9% (87.31 KB / 250.00 KB) | Speed: -- B/s
File: download: role-a-mode-c.bin
[██████████░░░░░░░░░░░░░░░░░░░░]  35.0% (87.44 KB / 250.00 KB) | Speed: -- B/s
File: download: role-a-mode-c.bin
[███████████░░░░░░░░░░░░░░░░░░░]  35.0% (87.56 KB / 250.00 KB) | Speed: -- B/s
File: download: role-a-mode-c.bin
[███████████░░░░░░░░░░░░░░░░░░░]  35.1% (87.68 KB / 250.00 KB) | Speed: -- B/s
File: download: role-a-mode-c.bin
[███████████░░░░░░░░░░░░░░░░░░░]  35.1% (87.81 KB / 250.00 KB) | Speed: -- B/s
File: download: role-a-mode-c.bin
[███████████░░░░░░░░░░░░░░░░░░░]  35.2% (87.93 KB / 250.00 KB) | Speed: -- B/s
File: download: role-a-mode-c.bin
[███████████░░░░░░░░░░░░░░░░░░░]  35.2% (88.06 KB / 250.00 KB) | Speed: -- B/s
File: download: role-a-mode-c.bin
[███████████░░░░░░░░░░░░░░░░░░░]  35.3% (88.18 KB / 250.00 KB) | Speed: -- B/s
File: download: role-a-mode-c.bin
[███████████░░░░░░░░░░░░░░░░░░░]  35.3% (88.30 KB / 250.00 KB) | Speed: -- B/s
File: download: role-a-mode-c.bin
[███████████░░░░░░░░░░░░░░░░░░░]  35.4% (88.43 KB / 250.00 KB) | Speed: -- B/s
File: download: role-a-mode-c.bin
[███████████░░░░░░░░░░░░░░░░░░░]  35.4% (88.55 KB / 250.00 KB) | Speed: -- B/s
File: download: role-a-mode-c.bin
[███████████░░░░░░░░░░░░░░░░░░░]  35.5% (88.68 KB / 250.00 KB) | Speed: -- B/s
File: download: role-a-mode-c.bin
[███████████░░░░░░░░░░░░░░░░░░░]  35.5% (88.80 KB / 250.00 KB) | Speed: -- B/s
File: download: role-a-mode-c.bin
[███████████░░░░░░░░░░░░░░░░░░░]  35.6% (88.92 KB / 250.00 KB) | Speed: -- B/s
File: download: role-a-mode-c.bin
[███████████░░░░░░░░░░░░░░░░░░░]  35.6% (89.05 KB / 250.00 KB) | Speed: -- B/s
File: download: role-a-mode-c.bin
[███████████░░░░░░░░░░░░░░░░░░░]  35.7% (89.17 KB / 250.00 KB) | Speed: -- B/s
File: download: role-a-mode-c.bin
[███████████░░░░░░░░░░░░░░░░░░░]  35.7% (89.30 KB / 250.00 KB) | Speed: -- B/s
File: download: role-a-mode-c.bin
[███████████░░░░░░░░░░░░░░░░░░░]  35.8% (89.42 KB / 250.00 KB) | Speed: -- B/s
File: download: role-a-mode-c.bin
[███████████░░░░░░░░░░░░░░░░░░░]  35.8% (89.54 KB / 250.00 KB) | Speed: -- B/s
File: download: role-a-mode-c.bin
[███████████░░░░░░░░░░░░░░░░░░░]  35.9% (89.67 KB / 250.00 KB) | Speed: -- B/s
File: download: role-a-mode-c.bin
[███████████░░░░░░░░░░░░░░░░░░░]  35.9% (89.79 KB / 250.00 KB) | Speed: -- B/s
File: download: role-a-mode-c.bin
[███████████░░░░░░░░░░░░░░░░░░░]  36.0% (89.92 KB / 250.00 KB) | Speed: -- B/s
File: download: role-a-mode-c.bin
[███████████░░░░░░░░░░░░░░░░░░░]  36.0% (90.04 KB / 250.00 KB) | Speed: -- B/s
File: download: role-a-mode-c.bin
[███████████░░░░░░░░░░░░░░░░░░░]  36.1% (90.17 KB / 250.00 KB) | Speed: -- B/s
File: download: role-a-mode-c.bin
[███████████░░░░░░░░░░░░░░░░░░░]  36.1% (90.29 KB / 250.00 KB) | Speed: -- B/s
File: download: role-a-mode-c.bin
[███████████░░░░░░░░░░░░░░░░░░░]  36.2% (90.41 KB / 250.00 KB) | Speed: -- B/s
File: download: role-a-mode-c.bin
[███████████░░░░░░░░░░░░░░░░░░░]  36.2% (90.54 KB / 250.00 KB) | Speed: -- B/s
File: download: role-a-mode-c.bin
[███████████░░░░░░░░░░░░░░░░░░░]  36.3% (90.66 KB / 250.00 KB) | Speed: -- B/s
File: download: role-a-mode-c.bin
[███████████░░░░░░░░░░░░░░░░░░░]  36.3% (90.79 KB / 250.00 KB) | Speed: -- B/s
File: download: role-a-mode-c.bin
[███████████░░░░░░░░░░░░░░░░░░░]  36.4% (90.91 KB / 250.00 KB) | Speed: -- B/s
File: download: role-a-mode-c.bin
[███████████░░░░░░░░░░░░░░░░░░░]  36.4% (91.03 KB / 250.00 KB) | Speed: -- B/s
File: download: role-a-mode-c.bin
[███████████░░░░░░░░░░░░░░░░░░░]  36.5% (91.16 KB / 250.00 KB) | Speed: -- B/s
File: download: role-a-mode-c.bin
[███████████░░░░░░░░░░░░░░░░░░░]  36.5% (91.28 KB / 250.00 KB) | Speed: -- B/s
File: download: role-a-mode-c.bin
[███████████░░░░░░░░░░░░░░░░░░░]  36.6% (91.41 KB / 250.00 KB) | Speed: -- B/s
File: download: role-a-mode-c.bin
[███████████░░░░░░░░░░░░░░░░░░░]  36.6% (91.53 KB / 250.00 KB) | Speed: -- B/s
File: download: role-a-mode-c.bin
[███████████░░░░░░░░░░░░░░░░░░░]  36.7% (91.65 KB / 250.00 KB) | Speed: -- B/s
File: download: role-a-mode-c.bin
[███████████░░░░░░░░░░░░░░░░░░░]  36.7% (91.78 KB / 250.00 KB) | Speed: -- B/s
File: download: role-a-mode-c.bin
[███████████░░░░░░░░░░░░░░░░░░░]  36.8% (91.90 KB / 250.00 KB) | Speed: -- B/s
File: download: role-a-mode-c.bin
[███████████░░░░░░░░░░░░░░░░░░░]  36.8% (92.03 KB / 250.00 KB) | Speed: -- B/s
File: download: role-a-mode-c.bin
[███████████░░░░░░░░░░░░░░░░░░░]  36.9% (92.15 KB / 250.00 KB) | Speed: -- B/s
File: download: role-a-mode-c.bin
[███████████░░░░░░░░░░░░░░░░░░░]  36.9% (92.27 KB / 250.00 KB) | Speed: -- B/s
File: download: role-a-mode-c.bin
[███████████░░░░░░░░░░░░░░░░░░░]  37.0% (92.40 KB / 250.00 KB) | Speed: -- B/s
File: download: role-a-mode-c.bin
[███████████░░░░░░░░░░░░░░░░░░░]  37.0% (92.52 KB / 250.00 KB) | Speed: -- B/s
File: download: role-a-mode-c.bin
[███████████░░░░░░░░░░░░░░░░░░░]  37.1% (92.65 KB / 250.00 KB) | Speed: -- B/s
File: download: role-a-mode-c.bin
[███████████░░░░░░░░░░░░░░░░░░░]  37.1% (92.77 KB / 250.00 KB) | Speed: -- B/s
File: download: role-a-mode-c.bin
[███████████░░░░░░░░░░░░░░░░░░░]  37.2% (92.89 KB / 250.00 KB) | Speed: -- B/s
File: download: role-a-mode-c.bin
[███████████░░░░░░░░░░░░░░░░░░░]  37.2% (93.02 KB / 250.00 KB) | Speed: -- B/s
File: download: role-a-mode-c.bin
[███████████░░░░░░░░░░░░░░░░░░░]  37.3% (93.14 KB / 250.00 KB) | Speed: -- B/s
File: download: role-a-mode-c.bin
[███████████░░░░░░░░░░░░░░░░░░░]  37.3% (93.27 KB / 250.00 KB) | Speed: -- B/s
File: download: role-a-mode-c.bin
[███████████░░░░░░░░░░░░░░░░░░░]  37.4% (93.39 KB / 250.00 KB) | Speed: -- B/s
File: download: role-a-mode-c.bin
[███████████░░░░░░░░░░░░░░░░░░░]  37.4% (93.51 KB / 250.00 KB) | Speed: -- B/s
File: download: role-a-mode-c.bin
[███████████░░░░░░░░░░░░░░░░░░░]  37.5% (93.64 KB / 250.00 KB) | Speed: -- B/s
File: download: role-a-mode-c.bin
[███████████░░░░░░░░░░░░░░░░░░░]  37.5% (93.76 KB / 250.00 KB) | Speed: -- B/s
File: download: role-a-mode-c.bin
[███████████░░░░░░░░░░░░░░░░░░░]  37.6% (93.89 KB / 250.00 KB) | Speed: -- B/s
File: download: role-a-mode-c.bin
[███████████░░░░░░░░░░░░░░░░░░░]  37.6% (94.01 KB / 250.00 KB) | Speed: -- B/s
File: download: role-a-mode-c.bin
[███████████░░░░░░░░░░░░░░░░░░░]  37.7% (94.13 KB / 250.00 KB) | Speed: -- B/s
File: download: role-a-mode-c.bin
[███████████░░░░░░░░░░░░░░░░░░░]  37.7% (94.26 KB / 250.00 KB) | Speed: -- B/s
File: download: role-a-mode-c.bin
[███████████░░░░░░░░░░░░░░░░░░░]  37.8% (94.38 KB / 250.00 KB) | Speed: -- B/s
File: download: role-a-mode-c.bin
[███████████░░░░░░░░░░░░░░░░░░░]  37.8% (94.51 KB / 250.00 KB) | Speed: -- B/s
File: download: role-a-mode-c.bin
[███████████░░░░░░░░░░░░░░░░░░░]  37.9% (94.63 KB / 250.00 KB) | Speed: -- B/s
File: download: role-a-mode-c.bin
[███████████░░░░░░░░░░░░░░░░░░░]  37.9% (94.75 KB / 250.00 KB) | Speed: -- B/s
File: download: role-a-mode-c.bin
[███████████░░░░░░░░░░░░░░░░░░░]  38.0% (94.88 KB / 250.00 KB) | Speed: -- B/s
File: download: role-a-mode-c.bin
[███████████░░░░░░░░░░░░░░░░░░░]  38.0% (95.00 KB / 250.00 KB) | Speed: -- B/s
File: download: role-a-mode-c.bin
[███████████░░░░░░░░░░░░░░░░░░░]  38.1% (95.13 KB / 250.00 KB) | Speed: -- B/s
File: download: role-a-mode-c.bin
[███████████░░░░░░░░░░░░░░░░░░░]  38.1% (95.25 KB / 250.00 KB) | Speed: -- B/s
File: download: role-a-mode-c.bin
[███████████░░░░░░░░░░░░░░░░░░░]  38.1% (95.37 KB / 250.00 KB) | Speed: -- B/s
File: download: role-a-mode-c.bin
[███████████░░░░░░░░░░░░░░░░░░░]  38.2% (95.50 KB / 250.00 KB) | Speed: -- B/s
File: download: role-a-mode-c.bin
[███████████░░░░░░░░░░░░░░░░░░░]  38.2% (95.62 KB / 250.00 KB) | Speed: -- B/s
File: download: role-a-mode-c.bin
[███████████░░░░░░░░░░░░░░░░░░░]  38.3% (95.75 KB / 250.00 KB) | Speed: -- B/s
File: download: role-a-mode-c.bin
[████████████░░░░░░░░░░░░░░░░░░]  38.3% (95.87 KB / 250.00 KB) | Speed: -- B/s
File: download: role-a-mode-c.bin
[████████████░░░░░░░░░░░░░░░░░░]  38.4% (95.99 KB / 250.00 KB) | Speed: -- B/s
File: download: role-a-mode-c.bin
[████████████░░░░░░░░░░░░░░░░░░]  38.4% (96.12 KB / 250.00 KB) | Speed: -- B/s
File: download: role-a-mode-c.bin
[████████████░░░░░░░░░░░░░░░░░░]  38.5% (96.24 KB / 250.00 KB) | Speed: -- B/s
File: download: role-a-mode-c.bin
[████████████░░░░░░░░░░░░░░░░░░]  38.5% (96.37 KB / 250.00 KB) | Speed: -- B/s
File: download: role-a-mode-c.bin
[████████████░░░░░░░░░░░░░░░░░░]  38.6% (96.49 KB / 250.00 KB) | Speed: -- B/s
File: download: role-a-mode-c.bin
[████████████░░░░░░░░░░░░░░░░░░]  38.6% (96.61 KB / 250.00 KB) | Speed: -- B/s
File: download: role-a-mode-c.bin
[████████████░░░░░░░░░░░░░░░░░░]  38.7% (96.74 KB / 250.00 KB) | Speed: -- B/s
File: download: role-a-mode-c.bin
[████████████░░░░░░░░░░░░░░░░░░]  38.7% (96.86 KB / 250.00 KB) | Speed: -- B/s
File: download: role-a-mode-c.bin
[████████████░░░░░░░░░░░░░░░░░░]  38.8% (96.99 KB / 250.00 KB) | Speed: -- B/s
File: download: role-a-mode-c.bin
[████████████░░░░░░░░░░░░░░░░░░]  38.8% (97.11 KB / 250.00 KB) | Speed: -- B/s
File: download: role-a-mode-c.bin
[████████████░░░░░░░░░░░░░░░░░░]  38.9% (97.23 KB / 250.00 KB) | Speed: -- B/s
File: download: role-a-mode-c.bin
[████████████░░░░░░░░░░░░░░░░░░]  38.9% (97.36 KB / 250.00 KB) | Speed: -- B/s
File: download: role-a-mode-c.bin
[████████████░░░░░░░░░░░░░░░░░░]  39.0% (97.48 KB / 250.00 KB) | Speed: -- B/s
File: download: role-a-mode-c.bin
[████████████░░░░░░░░░░░░░░░░░░]  39.0% (97.61 KB / 250.00 KB) | Speed: -- B/s
File: download: role-a-mode-c.bin
[████████████░░░░░░░░░░░░░░░░░░]  39.1% (97.73 KB / 250.00 KB) | Speed: -- B/s
File: download: role-a-mode-c.bin
[████████████░░░░░░░░░░░░░░░░░░]  39.1% (97.85 KB / 250.00 KB) | Speed: -- B/s
File: download: role-a-mode-c.bin
[████████████░░░░░░░░░░░░░░░░░░]  39.2% (97.98 KB / 250.00 KB) | Speed: -- B/s
File: download: role-a-mode-c.bin
[████████████░░░░░░░░░░░░░░░░░░]  39.2% (98.10 KB / 250.00 KB) | Speed: -- B/s
File: download: role-a-mode-c.bin
[████████████░░░░░░░░░░░░░░░░░░]  39.3% (98.23 KB / 250.00 KB) | Speed: -- B/s
File: download: role-a-mode-c.bin
[████████████░░░░░░░░░░░░░░░░░░]  39.3% (98.35 KB / 250.00 KB) | Speed: -- B/s
File: download: role-a-mode-c.bin
[████████████░░░░░░░░░░░░░░░░░░]  39.4% (98.47 KB / 250.00 KB) | Speed: -- B/s
File: download: role-a-mode-c.bin
[████████████░░░░░░░░░░░░░░░░░░]  39.4% (98.60 KB / 250.00 KB) | Speed: -- B/s
File: download: role-a-mode-c.bin
[████████████░░░░░░░░░░░░░░░░░░]  39.5% (98.72 KB / 250.00 KB) | Speed: -- B/s
File: download: role-a-mode-c.bin
[████████████░░░░░░░░░░░░░░░░░░]  39.5% (98.85 KB / 250.00 KB) | Speed: -- B/s
File: download: role-a-mode-c.bin
[████████████░░░░░░░░░░░░░░░░░░]  39.6% (98.97 KB / 250.00 KB) | Speed: -- B/s
File: download: role-a-mode-c.bin
[████████████░░░░░░░░░░░░░░░░░░]  39.6% (99.09 KB / 250.00 KB) | Speed: -- B/s
File: download: role-a-mode-c.bin
[████████████░░░░░░░░░░░░░░░░░░]  39.7% (99.22 KB / 250.00 KB) | Speed: -- B/s
File: download: role-a-mode-c.bin
[████████████░░░░░░░░░░░░░░░░░░]  39.7% (99.34 KB / 250.00 KB) | Speed: -- B/s
File: download: role-a-mode-c.bin
[████████████░░░░░░░░░░░░░░░░░░]  39.8% (99.47 KB / 250.00 KB) | Speed: -- B/s
File: download: role-a-mode-c.bin
[████████████░░░░░░░░░░░░░░░░░░]  39.8% (99.59 KB / 250.00 KB) | Speed: -- B/s
File: download: role-a-mode-c.bin
[████████████░░░░░░░░░░░░░░░░░░]  39.9% (99.71 KB / 250.00 KB) | Speed: -- B/s
File: download: role-a-mode-c.bin
[████████████░░░░░░░░░░░░░░░░░░]  39.9% (99.84 KB / 250.00 KB) | Speed: -- B/s
File: download: role-a-mode-c.bin
[████████████░░░░░░░░░░░░░░░░░░]  40.0% (99.96 KB / 250.00 KB) | Speed: -- B/s
File: download: role-a-mode-c.bin
[████████████░░░░░░░░░░░░░░░░░░]  40.0% (100.09 KB / 250.00 KB) | Speed: -- B/s
File: download: role-a-mode-c.bin
[████████████░░░░░░░░░░░░░░░░░░]  40.1% (100.21 KB / 250.00 KB) | Speed: -- B/s
File: download: role-a-mode-c.bin
[████████████░░░░░░░░░░░░░░░░░░]  40.1% (100.33 KB / 250.00 KB) | Speed: -- B/s
File: download: role-a-mode-c.bin
[████████████░░░░░░░░░░░░░░░░░░]  40.2% (100.46 KB / 250.00 KB) | Speed: -- B/s
File: download: role-a-mode-c.bin
[████████████░░░░░░░░░░░░░░░░░░]  40.2% (100.58 KB / 250.00 KB) | Speed: -- B/s
File: download: role-a-mode-c.bin
[████████████░░░░░░░░░░░░░░░░░░]  40.3% (100.71 KB / 250.00 KB) | Speed: -- B/s
File: download: role-a-mode-c.bin
[████████████░░░░░░░░░░░░░░░░░░]  40.3% (100.83 KB / 250.00 KB) | Speed: -- B/s
File: download: role-a-mode-c.bin
[████████████░░░░░░░░░░░░░░░░░░]  40.4% (100.96 KB / 250.00 KB) | Speed: -- B/s
File: download: role-a-mode-c.bin
[████████████░░░░░░░░░░░░░░░░░░]  40.4% (101.08 KB / 250.00 KB) | Speed: -- B/s
File: download: role-a-mode-c.bin
[████████████░░░░░░░░░░░░░░░░░░]  40.5% (101.20 KB / 250.00 KB) | Speed: -- B/s
File: download: role-a-mode-c.bin
[████████████░░░░░░░░░░░░░░░░░░]  40.5% (101.33 KB / 250.00 KB) | Speed: -- B/s
File: download: role-a-mode-c.bin
[████████████░░░░░░░░░░░░░░░░░░]  40.6% (101.45 KB / 250.00 KB) | Speed: -- B/s
File: download: role-a-mode-c.bin
[████████████░░░░░░░░░░░░░░░░░░]  40.6% (101.58 KB / 250.00 KB) | Speed: -- B/s
File: download: role-a-mode-c.bin
[████████████░░░░░░░░░░░░░░░░░░]  40.7% (101.70 KB / 250.00 KB) | Speed: -- B/s
File: download: role-a-mode-c.bin
[████████████░░░░░░░░░░░░░░░░░░]  40.7% (101.82 KB / 250.00 KB) | Speed: -- B/s
File: download: role-a-mode-c.bin
[████████████░░░░░░░░░░░░░░░░░░]  40.8% (101.95 KB / 250.00 KB) | Speed: -- B/s
File: download: role-a-mode-c.bin
[████████████░░░░░░░░░░░░░░░░░░]  40.8% (102.07 KB / 250.00 KB) | Speed: -- B/s
File: download: role-a-mode-c.bin
[████████████░░░░░░░░░░░░░░░░░░]  40.9% (102.20 KB / 250.00 KB) | Speed: -- B/s
File: download: role-a-mode-c.bin
[████████████░░░░░░░░░░░░░░░░░░]  40.9% (102.32 KB / 250.00 KB) | Speed: -- B/s
File: download: role-a-mode-c.bin
[████████████░░░░░░░░░░░░░░░░░░]  41.0% (102.44 KB / 250.00 KB) | Speed: -- B/s
File: download: role-a-mode-c.bin
[████████████░░░░░░░░░░░░░░░░░░]  41.0% (102.57 KB / 250.00 KB) | Speed: -- B/s
File: download: role-a-mode-c.bin
[████████████░░░░░░░░░░░░░░░░░░]  41.1% (102.69 KB / 250.00 KB) | Speed: -- B/s
File: download: role-a-mode-c.bin
[████████████░░░░░░░░░░░░░░░░░░]  41.1% (102.82 KB / 250.00 KB) | Speed: -- B/s
File: download: role-a-mode-c.bin
[████████████░░░░░░░░░░░░░░░░░░]  41.2% (102.94 KB / 250.00 KB) | Speed: -- B/s
File: download: role-a-mode-c.bin
[████████████░░░░░░░░░░░░░░░░░░]  41.2% (103.06 KB / 250.00 KB) | Speed: -- B/s
File: download: role-a-mode-c.bin
[████████████░░░░░░░░░░░░░░░░░░]  41.3% (103.19 KB / 250.00 KB) | Speed: -- B/s
File: download: role-a-mode-c.bin
[████████████░░░░░░░░░░░░░░░░░░]  41.3% (103.31 KB / 250.00 KB) | Speed: -- B/s
File: download: role-a-mode-c.bin
[████████████░░░░░░░░░░░░░░░░░░]  41.4% (103.44 KB / 250.00 KB) | Speed: -- B/s
File: download: role-a-mode-c.bin
[████████████░░░░░░░░░░░░░░░░░░]  41.4% (103.56 KB / 250.00 KB) | Speed: -- B/s
File: download: role-a-mode-c.bin
[████████████░░░░░░░░░░░░░░░░░░]  41.5% (103.68 KB / 250.00 KB) | Speed: -- B/s
File: download: role-a-mode-c.bin
[████████████░░░░░░░░░░░░░░░░░░]  41.5% (103.81 KB / 250.00 KB) | Speed: -- B/s
File: download: role-a-mode-c.bin
[████████████░░░░░░░░░░░░░░░░░░]  41.6% (103.93 KB / 250.00 KB) | Speed: -- B/s
File: download: role-a-mode-c.bin
[████████████░░░░░░░░░░░░░░░░░░]  41.6% (104.06 KB / 250.00 KB) | Speed: -- B/s
File: download: role-a-mode-c.bin
[█████████████░░░░░░░░░░░░░░░░░]  41.7% (104.18 KB / 250.00 KB) | Speed: -- B/s
File: download: role-a-mode-c.bin
[█████████████░░░░░░░░░░░░░░░░░]  41.7% (104.30 KB / 250.00 KB) | Speed: -- B/s
File: download: role-a-mode-c.bin
[█████████████░░░░░░░░░░░░░░░░░]  41.8% (104.43 KB / 250.00 KB) | Speed: -- B/s
File: download: role-a-mode-c.bin
[█████████████░░░░░░░░░░░░░░░░░]  41.8% (104.55 KB / 250.00 KB) | Speed: -- B/s
File: download: role-a-mode-c.bin
[█████████████░░░░░░░░░░░░░░░░░]  41.9% (104.68 KB / 250.00 KB) | Speed: -- B/s
File: download: role-a-mode-c.bin
[█████████████░░░░░░░░░░░░░░░░░]  41.9% (104.80 KB / 250.00 KB) | Speed: -- B/s
File: download: role-a-mode-c.bin
[█████████████░░░░░░░░░░░░░░░░░]  42.0% (104.92 KB / 250.00 KB) | Speed: -- B/s
File: download: role-a-mode-c.bin
[█████████████░░░░░░░░░░░░░░░░░]  42.0% (105.05 KB / 250.00 KB) | Speed: -- B/s
File: download: role-a-mode-c.bin
[█████████████░░░░░░░░░░░░░░░░░]  42.1% (105.17 KB / 250.00 KB) | Speed: -- B/s
File: download: role-a-mode-c.bin
[█████████████░░░░░░░░░░░░░░░░░]  42.1% (105.30 KB / 250.00 KB) | Speed: -- B/s
File: download: role-a-mode-c.bin
[█████████████░░░░░░░░░░░░░░░░░]  42.2% (105.42 KB / 250.00 KB) | Speed: -- B/s
File: download: role-a-mode-c.bin
[█████████████░░░░░░░░░░░░░░░░░]  42.2% (105.54 KB / 250.00 KB) | Speed: -- B/s
File: download: role-a-mode-c.bin
[█████████████░░░░░░░░░░░░░░░░░]  42.3% (105.67 KB / 250.00 KB) | Speed: -- B/s
File: download: role-a-mode-c.bin
[█████████████░░░░░░░░░░░░░░░░░]  42.3% (105.79 KB / 250.00 KB) | Speed: -- B/s
File: download: role-a-mode-c.bin
[█████████████░░░░░░░░░░░░░░░░░]  42.4% (105.92 KB / 250.00 KB) | Speed: -- B/s
File: download: role-a-mode-c.bin
[█████████████░░░░░░░░░░░░░░░░░]  42.4% (106.04 KB / 250.00 KB) | Speed: -- B/s
File: download: role-a-mode-c.bin
[█████████████░░░░░░░░░░░░░░░░░]  42.5% (106.16 KB / 250.00 KB) | Speed: -- B/s
File: download: role-a-mode-c.bin
[█████████████░░░░░░░░░░░░░░░░░]  42.5% (106.29 KB / 250.00 KB) | Speed: -- B/s
File: download: role-a-mode-c.bin
[█████████████░░░░░░░░░░░░░░░░░]  42.6% (106.41 KB / 250.00 KB) | Speed: -- B/s
File: download: role-a-mode-c.bin
[█████████████░░░░░░░░░░░░░░░░░]  42.6% (106.54 KB / 250.00 KB) | Speed: -- B/s
File: download: role-a-mode-c.bin
[█████████████░░░░░░░░░░░░░░░░░]  42.7% (106.66 KB / 250.00 KB) | Speed: -- B/s
File: download: role-a-mode-c.bin
[█████████████░░░░░░░░░░░░░░░░░]  42.7% (106.78 KB / 250.00 KB) | Speed: -- B/s
File: download: role-a-mode-c.bin
[█████████████░░░░░░░░░░░░░░░░░]  42.8% (106.91 KB / 250.00 KB) | Speed: -- B/s
File: download: role-a-mode-c.bin
[█████████████░░░░░░░░░░░░░░░░░]  42.8% (107.03 KB / 250.00 KB) | Speed: -- B/s
File: download: role-a-mode-c.bin
[█████████████░░░░░░░░░░░░░░░░░]  42.9% (107.16 KB / 250.00 KB) | Speed: -- B/s
File: download: role-a-mode-c.bin
[█████████████░░░░░░░░░░░░░░░░░]  42.9% (107.28 KB / 250.00 KB) | Speed: -- B/s
File: download: role-a-mode-c.bin
[█████████████░░░░░░░░░░░░░░░░░]  43.0% (107.40 KB / 250.00 KB) | Speed: -- B/s
File: download: role-a-mode-c.bin
[█████████████░░░░░░░░░░░░░░░░░]  43.0% (107.53 KB / 250.00 KB) | Speed: -- B/s
File: download: role-a-mode-c.bin
[█████████████░░░░░░░░░░░░░░░░░]  43.1% (107.65 KB / 250.00 KB) | Speed: -- B/s
File: download: role-a-mode-c.bin
[█████████████░░░░░░░░░░░░░░░░░]  43.1% (107.78 KB / 250.00 KB) | Speed: -- B/s
File: download: role-a-mode-c.bin
[█████████████░░░░░░░░░░░░░░░░░]  43.2% (107.90 KB / 250.00 KB) | Speed: -- B/s
File: download: role-a-mode-c.bin
[█████████████░░░░░░░░░░░░░░░░░]  43.2% (108.02 KB / 250.00 KB) | Speed: -- B/s
File: download: role-a-mode-c.bin
[█████████████░░░░░░░░░░░░░░░░░]  43.3% (108.15 KB / 250.00 KB) | Speed: -- B/s
File: download: role-a-mode-c.bin
[█████████████░░░░░░░░░░░░░░░░░]  43.3% (108.27 KB / 250.00 KB) | Speed: -- B/s
File: download: role-a-mode-c.bin
[█████████████░░░░░░░░░░░░░░░░░]  43.4% (108.40 KB / 250.00 KB) | Speed: -- B/s
File: download: role-a-mode-c.bin
[█████████████░░░░░░░░░░░░░░░░░]  43.4% (108.52 KB / 250.00 KB) | Speed: -- B/s
File: download: role-a-mode-c.bin
[█████████████░░░░░░░░░░░░░░░░░]  43.5% (108.64 KB / 250.00 KB) | Speed: -- B/s
File: download: role-a-mode-c.bin
[█████████████░░░░░░░░░░░░░░░░░]  43.5% (108.77 KB / 250.00 KB) | Speed: -- B/s
File: download: role-a-mode-c.bin
[█████████████░░░░░░░░░░░░░░░░░]  43.6% (108.89 KB / 250.00 KB) | Speed: -- B/s
File: download: role-a-mode-c.bin
[█████████████░░░░░░░░░░░░░░░░░]  43.6% (109.02 KB / 250.00 KB) | Speed: -- B/s
File: download: role-a-mode-c.bin
[█████████████░░░░░░░░░░░░░░░░░]  43.7% (109.14 KB / 250.00 KB) | Speed: -- B/s
File: download: role-a-mode-c.bin
[█████████████░░░░░░░░░░░░░░░░░]  43.7% (109.26 KB / 250.00 KB) | Speed: -- B/s
File: download: role-a-mode-c.bin
[█████████████░░░░░░░░░░░░░░░░░]  43.8% (109.39 KB / 250.00 KB) | Speed: -- B/s
File: download: role-a-mode-c.bin
[█████████████░░░░░░░░░░░░░░░░░]  43.8% (109.51 KB / 250.00 KB) | Speed: -- B/s
File: download: role-a-mode-c.bin
[█████████████░░░░░░░░░░░░░░░░░]  43.9% (109.64 KB / 250.00 KB) | Speed: -- B/s
File: download: role-a-mode-c.bin
[█████████████░░░░░░░░░░░░░░░░░]  43.9% (109.76 KB / 250.00 KB) | Speed: -- B/s
File: download: role-a-mode-c.bin
[█████████████░░░░░░░░░░░░░░░░░]  44.0% (109.88 KB / 250.00 KB) | Speed: -- B/s
File: download: role-a-mode-c.bin
[█████████████░░░░░░░░░░░░░░░░░]  44.0% (110.01 KB / 250.00 KB) | Speed: -- B/s
File: download: role-a-mode-c.bin
[█████████████░░░░░░░░░░░░░░░░░]  44.1% (110.13 KB / 250.00 KB) | Speed: -- B/s
File: download: role-a-mode-c.bin
[█████████████░░░░░░░░░░░░░░░░░]  44.1% (110.26 KB / 250.00 KB) | Speed: -- B/s
File: download: role-a-mode-c.bin
[█████████████░░░░░░░░░░░░░░░░░]  44.2% (110.38 KB / 250.00 KB) | Speed: -- B/s
File: download: role-a-mode-c.bin
[█████████████░░░░░░░░░░░░░░░░░]  44.2% (110.50 KB / 250.00 KB) | Speed: -- B/s
File: download: role-a-mode-c.bin
[█████████████░░░░░░░░░░░░░░░░░]  44.3% (110.63 KB / 250.00 KB) | Speed: -- B/s
File: download: role-a-mode-c.bin
[█████████████░░░░░░░░░░░░░░░░░]  44.3% (110.75 KB / 250.00 KB) | Speed: -- B/s
File: download: role-a-mode-c.bin
[█████████████░░░░░░░░░░░░░░░░░]  44.4% (110.88 KB / 250.00 KB) | Speed: -- B/s
File: download: role-a-mode-c.bin
[█████████████░░░░░░░░░░░░░░░░░]  44.4% (111.00 KB / 250.00 KB) | Speed: -- B/s
File: download: role-a-mode-c.bin
[█████████████░░░░░░░░░░░░░░░░░]  44.5% (111.12 KB / 250.00 KB) | Speed: -- B/s
File: download: role-a-mode-c.bin
[█████████████░░░░░░░░░░░░░░░░░]  44.5% (111.25 KB / 250.00 KB) | Speed: -- B/s
File: download: role-a-mode-c.bin
[█████████████░░░░░░░░░░░░░░░░░]  44.5% (111.37 KB / 250.00 KB) | Speed: -- B/s
File: download: role-a-mode-c.bin
[█████████████░░░░░░░░░░░░░░░░░]  44.6% (111.50 KB / 250.00 KB) | Speed: -- B/s
File: download: role-a-mode-c.bin
[█████████████░░░░░░░░░░░░░░░░░]  44.6% (111.62 KB / 250.00 KB) | Speed: -- B/s
File: download: role-a-mode-c.bin
[█████████████░░░░░░░░░░░░░░░░░]  44.7% (111.75 KB / 250.00 KB) | Speed: -- B/s
File: download: role-a-mode-c.bin
[█████████████░░░░░░░░░░░░░░░░░]  44.7% (111.87 KB / 250.00 KB) | Speed: -- B/s
File: download: role-a-mode-c.bin
[█████████████░░░░░░░░░░░░░░░░░]  44.8% (111.99 KB / 250.00 KB) | Speed: -- B/s
File: download: role-a-mode-c.bin
[█████████████░░░░░░░░░░░░░░░░░]  44.8% (112.12 KB / 250.00 KB) | Speed: -- B/s
File: download: role-a-mode-c.bin
[█████████████░░░░░░░░░░░░░░░░░]  44.9% (112.24 KB / 250.00 KB) | Speed: -- B/s
File: download: role-a-mode-c.bin
[█████████████░░░░░░░░░░░░░░░░░]  44.9% (112.37 KB / 250.00 KB) | Speed: -- B/s
File: download: role-a-mode-c.bin
[█████████████░░░░░░░░░░░░░░░░░]  45.0% (112.49 KB / 250.00 KB) | Speed: -- B/s
File: download: role-a-mode-c.bin
[██████████████░░░░░░░░░░░░░░░░]  45.0% (112.61 KB / 250.00 KB) | Speed: -- B/s
File: download: role-a-mode-c.bin
[██████████████░░░░░░░░░░░░░░░░]  45.1% (112.74 KB / 250.00 KB) | Speed: -- B/s
File: download: role-a-mode-c.bin
[██████████████░░░░░░░░░░░░░░░░]  45.1% (112.86 KB / 250.00 KB) | Speed: -- B/s
File: download: role-a-mode-c.bin
[██████████████░░░░░░░░░░░░░░░░]  45.2% (112.99 KB / 250.00 KB) | Speed: -- B/s
File: download: role-a-mode-c.bin
[██████████████░░░░░░░░░░░░░░░░]  45.2% (113.11 KB / 250.00 KB) | Speed: -- B/s
File: download: role-a-mode-c.bin
[██████████████░░░░░░░░░░░░░░░░]  45.3% (113.23 KB / 250.00 KB) | Speed: -- B/s
File: download: role-a-mode-c.bin
[██████████████░░░░░░░░░░░░░░░░]  45.3% (113.36 KB / 250.00 KB) | Speed: -- B/s
File: download: role-a-mode-c.bin
[██████████████░░░░░░░░░░░░░░░░]  45.4% (113.48 KB / 250.00 KB) | Speed: -- B/s
File: download: role-a-mode-c.bin
[██████████████░░░░░░░░░░░░░░░░]  45.4% (113.61 KB / 250.00 KB) | Speed: -- B/s
File: download: role-a-mode-c.bin
[██████████████░░░░░░░░░░░░░░░░]  45.5% (113.73 KB / 250.00 KB) | Speed: -- B/s
File: download: role-a-mode-c.bin
[██████████████░░░░░░░░░░░░░░░░]  45.5% (113.85 KB / 250.00 KB) | Speed: -- B/s
File: download: role-a-mode-c.bin
[██████████████░░░░░░░░░░░░░░░░]  45.6% (113.98 KB / 250.00 KB) | Speed: -- B/s
File: download: role-a-mode-c.bin
[██████████████░░░░░░░░░░░░░░░░]  45.6% (114.10 KB / 250.00 KB) | Speed: -- B/s
File: download: role-a-mode-c.bin
[██████████████░░░░░░░░░░░░░░░░]  45.7% (114.23 KB / 250.00 KB) | Speed: -- B/s
File: download: role-a-mode-c.bin
[██████████████░░░░░░░░░░░░░░░░]  45.7% (114.35 KB / 250.00 KB) | Speed: -- B/s
File: download: role-a-mode-c.bin
[██████████████░░░░░░░░░░░░░░░░]  45.8% (114.47 KB / 250.00 KB) | Speed: -- B/s
File: download: role-a-mode-c.bin
[██████████████░░░░░░░░░░░░░░░░]  45.8% (114.60 KB / 250.00 KB) | Speed: -- B/s
File: download: role-a-mode-c.bin
[██████████████░░░░░░░░░░░░░░░░]  45.9% (114.72 KB / 250.00 KB) | Speed: -- B/s
File: download: role-a-mode-c.bin
[██████████████░░░░░░░░░░░░░░░░]  45.9% (114.85 KB / 250.00 KB) | Speed: -- B/s
File: download: role-a-mode-c.bin
[██████████████░░░░░░░░░░░░░░░░]  46.0% (114.97 KB / 250.00 KB) | Speed: -- B/s
File: download: role-a-mode-c.bin
[██████████████░░░░░░░░░░░░░░░░]  46.0% (115.09 KB / 250.00 KB) | Speed: -- B/s
File: download: role-a-mode-c.bin
[██████████████░░░░░░░░░░░░░░░░]  46.1% (115.22 KB / 250.00 KB) | Speed: -- B/s
File: download: role-a-mode-c.bin
[██████████████░░░░░░░░░░░░░░░░]  46.1% (115.34 KB / 250.00 KB) | Speed: -- B/s
File: download: role-a-mode-c.bin
[██████████████░░░░░░░░░░░░░░░░]  46.2% (115.47 KB / 250.00 KB) | Speed: -- B/s
File: download: role-a-mode-c.bin
[██████████████░░░░░░░░░░░░░░░░]  46.2% (115.59 KB / 250.00 KB) | Speed: -- B/s
File: download: role-a-mode-c.bin
[██████████████░░░░░░░░░░░░░░░░]  46.3% (115.71 KB / 250.00 KB) | Speed: -- B/s
File: download: role-a-mode-c.bin
[██████████████░░░░░░░░░░░░░░░░]  46.3% (115.84 KB / 250.00 KB) | Speed: -- B/s
File: download: role-a-mode-c.bin
[██████████████░░░░░░░░░░░░░░░░]  46.4% (115.96 KB / 250.00 KB) | Speed: -- B/s
File: download: role-a-mode-c.bin
[██████████████░░░░░░░░░░░░░░░░]  46.4% (116.09 KB / 250.00 KB) | Speed: -- B/s
File: download: role-a-mode-c.bin
[██████████████░░░░░░░░░░░░░░░░]  46.5% (116.21 KB / 250.00 KB) | Speed: -- B/s
File: download: role-a-mode-c.bin
[██████████████░░░░░░░░░░░░░░░░]  46.5% (116.33 KB / 250.00 KB) | Speed: -- B/s
File: download: role-a-mode-c.bin
[██████████████░░░░░░░░░░░░░░░░]  46.6% (116.46 KB / 250.00 KB) | Speed: -- B/s
File: download: role-a-mode-c.bin
[██████████████░░░░░░░░░░░░░░░░]  46.6% (116.58 KB / 250.00 KB) | Speed: -- B/s
File: download: role-a-mode-c.bin
[██████████████░░░░░░░░░░░░░░░░]  46.7% (116.71 KB / 250.00 KB) | Speed: -- B/s
File: download: role-a-mode-c.bin
[██████████████░░░░░░░░░░░░░░░░]  46.7% (116.83 KB / 250.00 KB) | Speed: -- B/s
File: download: role-a-mode-c.bin
[██████████████░░░░░░░░░░░░░░░░]  46.8% (116.95 KB / 250.00 KB) | Speed: -- B/s
File: download: role-a-mode-c.bin
[██████████████░░░░░░░░░░░░░░░░]  46.8% (117.08 KB / 250.00 KB) | Speed: -- B/s
File: download: role-a-mode-c.bin
[██████████████░░░░░░░░░░░░░░░░]  46.9% (117.20 KB / 250.00 KB) | Speed: -- B/s
File: download: role-a-mode-c.bin
[██████████████░░░░░░░░░░░░░░░░]  46.9% (117.33 KB / 250.00 KB) | Speed: -- B/s
File: download: role-a-mode-c.bin
[██████████████░░░░░░░░░░░░░░░░]  47.0% (117.45 KB / 250.00 KB) | Speed: -- B/s
File: download: role-a-mode-c.bin
[██████████████░░░░░░░░░░░░░░░░]  47.0% (117.57 KB / 250.00 KB) | Speed: -- B/s
File: download: role-a-mode-c.bin
[██████████████░░░░░░░░░░░░░░░░]  47.1% (117.70 KB / 250.00 KB) | Speed: -- B/s
File: download: role-a-mode-c.bin
[██████████████░░░░░░░░░░░░░░░░]  47.1% (117.82 KB / 250.00 KB) | Speed: -- B/s
File: download: role-a-mode-c.bin
[██████████████░░░░░░░░░░░░░░░░]  47.2% (117.95 KB / 250.00 KB) | Speed: -- B/s
File: download: role-a-mode-c.bin
[██████████████░░░░░░░░░░░░░░░░]  47.2% (118.07 KB / 250.00 KB) | Speed: -- B/s
File: download: role-a-mode-c.bin
[██████████████░░░░░░░░░░░░░░░░]  47.3% (118.19 KB / 250.00 KB) | Speed: -- B/s
File: download: role-a-mode-c.bin
[██████████████░░░░░░░░░░░░░░░░]  47.3% (118.32 KB / 250.00 KB) | Speed: -- B/s
File: download: role-a-mode-c.bin
[██████████████░░░░░░░░░░░░░░░░]  47.4% (118.44 KB / 250.00 KB) | Speed: -- B/s
File: download: role-a-mode-c.bin
[██████████████░░░░░░░░░░░░░░░░]  47.4% (118.57 KB / 250.00 KB) | Speed: -- B/s
File: download: role-a-mode-c.bin
[██████████████░░░░░░░░░░░░░░░░]  47.5% (118.69 KB / 250.00 KB) | Speed: -- B/s
File: download: role-a-mode-c.bin
[██████████████░░░░░░░░░░░░░░░░]  47.5% (118.81 KB / 250.00 KB) | Speed: -- B/s
File: download: role-a-mode-c.bin
[██████████████░░░░░░░░░░░░░░░░]  47.6% (118.94 KB / 250.00 KB) | Speed: -- B/s
File: download: role-a-mode-c.bin
[██████████████░░░░░░░░░░░░░░░░]  47.6% (119.06 KB / 250.00 KB) | Speed: -- B/s
File: download: role-a-mode-c.bin
[██████████████░░░░░░░░░░░░░░░░]  47.7% (119.19 KB / 250.00 KB) | Speed: -- B/s
File: download: role-a-mode-c.bin
[██████████████░░░░░░░░░░░░░░░░]  47.7% (119.31 KB / 250.00 KB) | Speed: -- B/s
File: download: role-a-mode-c.bin
[██████████████░░░░░░░░░░░░░░░░]  47.8% (119.43 KB / 250.00 KB) | Speed: -- B/s
File: download: role-a-mode-c.bin
[██████████████░░░░░░░░░░░░░░░░]  47.8% (119.56 KB / 250.00 KB) | Speed: -- B/s
File: download: role-a-mode-c.bin
[██████████████░░░░░░░░░░░░░░░░]  47.9% (119.68 KB / 250.00 KB) | Speed: -- B/s
File: download: role-a-mode-c.bin
[██████████████░░░░░░░░░░░░░░░░]  47.9% (119.81 KB / 250.00 KB) | Speed: -- B/s
File: download: role-a-mode-c.bin
[██████████████░░░░░░░░░░░░░░░░]  48.0% (119.93 KB / 250.00 KB) | Speed: -- B/s
File: download: role-a-mode-c.bin
[██████████████░░░░░░░░░░░░░░░░]  48.0% (120.05 KB / 250.00 KB) | Speed: -- B/s
File: download: role-a-mode-c.bin
[██████████████░░░░░░░░░░░░░░░░]  48.1% (120.18 KB / 250.00 KB) | Speed: -- B/s
File: download: role-a-mode-c.bin
[██████████████░░░░░░░░░░░░░░░░]  48.1% (120.30 KB / 250.00 KB) | Speed: -- B/s
File: download: role-a-mode-c.bin
[██████████████░░░░░░░░░░░░░░░░]  48.2% (120.43 KB / 250.00 KB) | Speed: -- B/s
File: download: role-a-mode-c.bin
[██████████████░░░░░░░░░░░░░░░░]  48.2% (120.55 KB / 250.00 KB) | Speed: -- B/s
File: download: role-a-mode-c.bin
[██████████████░░░░░░░░░░░░░░░░]  48.3% (120.67 KB / 250.00 KB) | Speed: -- B/s
File: download: role-a-mode-c.bin
[██████████████░░░░░░░░░░░░░░░░]  48.3% (120.80 KB / 250.00 KB) | Speed: -- B/s
File: download: role-a-mode-c.bin
[███████████████░░░░░░░░░░░░░░░]  48.4% (120.92 KB / 250.00 KB) | Speed: -- B/s
File: download: role-a-mode-c.bin
[███████████████░░░░░░░░░░░░░░░]  48.4% (121.05 KB / 250.00 KB) | Speed: -- B/s
File: download: role-a-mode-c.bin
[███████████████░░░░░░░░░░░░░░░]  48.5% (121.17 KB / 250.00 KB) | Speed: -- B/s
File: download: role-a-mode-c.bin
[███████████████░░░░░░░░░░░░░░░]  48.5% (121.29 KB / 250.00 KB) | Speed: -- B/s
File: download: role-a-mode-c.bin
[███████████████░░░░░░░░░░░░░░░]  48.6% (121.42 KB / 250.00 KB) | Speed: -- B/s
File: download: role-a-mode-c.bin
[███████████████░░░░░░░░░░░░░░░]  48.6% (121.54 KB / 250.00 KB) | Speed: -- B/s
File: download: role-a-mode-c.bin
[███████████████░░░░░░░░░░░░░░░]  48.7% (121.67 KB / 250.00 KB) | Speed: -- B/s
File: download: role-a-mode-c.bin
[███████████████░░░░░░░░░░░░░░░]  48.7% (121.79 KB / 250.00 KB) | Speed: -- B/s
File: download: role-a-mode-c.bin
[███████████████░░░░░░░░░░░░░░░]  48.8% (121.92 KB / 250.00 KB) | Speed: -- B/s
File: download: role-a-mode-c.bin
[███████████████░░░░░░░░░░░░░░░]  48.8% (122.04 KB / 250.00 KB) | Speed: -- B/s
File: download: role-a-mode-c.bin
[███████████████░░░░░░░░░░░░░░░]  48.9% (122.16 KB / 250.00 KB) | Speed: -- B/s
File: download: role-a-mode-c.bin
[███████████████░░░░░░░░░░░░░░░]  48.9% (122.29 KB / 250.00 KB) | Speed: -- B/s
File: download: role-a-mode-c.bin
[███████████████░░░░░░░░░░░░░░░]  49.0% (122.41 KB / 250.00 KB) | Speed: -- B/s
File: download: role-a-mode-c.bin
[███████████████░░░░░░░░░░░░░░░]  49.0% (122.54 KB / 250.00 KB) | Speed: -- B/s
File: download: role-a-mode-c.bin
[███████████████░░░░░░░░░░░░░░░]  49.1% (122.66 KB / 250.00 KB) | Speed: -- B/s
File: download: role-a-mode-c.bin
[███████████████░░░░░░░░░░░░░░░]  49.1% (122.78 KB / 250.00 KB) | Speed: -- B/s
File: download: role-a-mode-c.bin
[███████████████░░░░░░░░░░░░░░░]  49.2% (122.91 KB / 250.00 KB) | Speed: -- B/s
File: download: role-a-mode-c.bin
[███████████████░░░░░░░░░░░░░░░]  49.2% (123.03 KB / 250.00 KB) | Speed: -- B/s
File: download: role-a-mode-c.bin
[███████████████░░░░░░░░░░░░░░░]  49.3% (123.16 KB / 250.00 KB) | Speed: -- B/s
File: download: role-a-mode-c.bin
[███████████████░░░░░░░░░░░░░░░]  49.3% (123.28 KB / 250.00 KB) | Speed: -- B/s
File: download: role-a-mode-c.bin
[███████████████░░░░░░░░░░░░░░░]  49.4% (123.40 KB / 250.00 KB) | Speed: -- B/s
File: download: role-a-mode-c.bin
[███████████████░░░░░░░░░░░░░░░]  49.4% (123.53 KB / 250.00 KB) | Speed: -- B/s
File: download: role-a-mode-c.bin
[███████████████░░░░░░░░░░░░░░░]  49.5% (123.65 KB / 250.00 KB) | Speed: -- B/s
File: download: role-a-mode-c.bin
[███████████████░░░░░░░░░░░░░░░]  49.5% (123.78 KB / 250.00 KB) | Speed: -- B/s
File: download: role-a-mode-c.bin
[███████████████░░░░░░░░░░░░░░░]  49.6% (123.90 KB / 250.00 KB) | Speed: -- B/s
File: download: role-a-mode-c.bin
[███████████████░░░░░░░░░░░░░░░]  49.6% (124.02 KB / 250.00 KB) | Speed: -- B/s
File: download: role-a-mode-c.bin
[███████████████░░░░░░░░░░░░░░░]  49.7% (124.15 KB / 250.00 KB) | Speed: -- B/s
File: download: role-a-mode-c.bin
[███████████████░░░░░░░░░░░░░░░]  49.7% (124.27 KB / 250.00 KB) | Speed: -- B/s
File: download: role-a-mode-c.bin
[███████████████░░░░░░░░░░░░░░░]  49.8% (124.40 KB / 250.00 KB) | Speed: -- B/s
File: download: role-a-mode-c.bin
[███████████████░░░░░░░░░░░░░░░]  49.8% (124.52 KB / 250.00 KB) | Speed: -- B/s
File: download: role-a-mode-c.bin
[███████████████░░░░░░░░░░░░░░░]  49.9% (124.64 KB / 250.00 KB) | Speed: -- B/s
File: download: role-a-mode-c.bin
[███████████████░░░░░░░░░░░░░░░]  49.9% (124.77 KB / 250.00 KB) | Speed: -- B/s
File: download: role-a-mode-c.bin
[███████████████░░░░░░░░░░░░░░░]  50.0% (124.89 KB / 250.00 KB) | Speed: -- B/s
File: download: role-a-mode-c.bin
[███████████████░░░░░░░░░░░░░░░]  50.0% (125.02 KB / 250.00 KB) | Speed: -- B/s
File: download: role-a-mode-c.bin
[███████████████░░░░░░░░░░░░░░░]  50.1% (125.14 KB / 250.00 KB) | Speed: -- B/s
File: download: role-a-mode-c.bin
[███████████████░░░░░░░░░░░░░░░]  50.1% (125.26 KB / 250.00 KB) | Speed: -- B/s
File: download: role-a-mode-c.bin
[███████████████░░░░░░░░░░░░░░░]  50.2% (125.39 KB / 250.00 KB) | Speed: -- B/s
File: download: role-a-mode-c.bin
[███████████████░░░░░░░░░░░░░░░]  50.2% (125.51 KB / 250.00 KB) | Speed: -- B/s
File: download: role-a-mode-c.bin
[███████████████░░░░░░░░░░░░░░░]  50.3% (125.64 KB / 250.00 KB) | Speed: -- B/s
File: download: role-a-mode-c.bin
[███████████████░░░░░░░░░░░░░░░]  50.3% (125.76 KB / 250.00 KB) | Speed: -- B/s
File: download: role-a-mode-c.bin
[███████████████░░░░░░░░░░░░░░░]  50.4% (125.88 KB / 250.00 KB) | Speed: -- B/s
File: download: role-a-mode-c.bin
[███████████████░░░░░░░░░░░░░░░]  50.4% (126.01 KB / 250.00 KB) | Speed: -- B/s
File: download: role-a-mode-c.bin
[███████████████░░░░░░░░░░░░░░░]  50.5% (126.13 KB / 250.00 KB) | Speed: -- B/s
File: download: role-a-mode-c.bin
[███████████████░░░░░░░░░░░░░░░]  50.5% (126.26 KB / 250.00 KB) | Speed: -- B/s
File: download: role-a-mode-c.bin
[███████████████░░░░░░░░░░░░░░░]  50.6% (126.38 KB / 250.00 KB) | Speed: -- B/s
File: download: role-a-mode-c.bin
[███████████████░░░░░░░░░░░░░░░]  50.6% (126.50 KB / 250.00 KB) | Speed: -- B/s
File: download: role-a-mode-c.bin
[███████████████░░░░░░░░░░░░░░░]  50.7% (126.63 KB / 250.00 KB) | Speed: -- B/s
File: download: role-a-mode-c.bin
[███████████████░░░░░░░░░░░░░░░]  50.7% (126.75 KB / 250.00 KB) | Speed: -- B/s
File: download: role-a-mode-c.bin
[███████████████░░░░░░░░░░░░░░░]  50.8% (126.88 KB / 250.00 KB) | Speed: -- B/s
File: download: role-a-mode-c.bin
[███████████████░░░░░░░░░░░░░░░]  50.8% (127.00 KB / 250.00 KB) | Speed: -- B/s
File: download: role-a-mode-c.bin
[███████████████░░░░░░░░░░░░░░░]  50.8% (127.12 KB / 250.00 KB) | Speed: -- B/s
File: download: role-a-mode-c.bin
[███████████████░░░░░░░░░░░░░░░]  50.9% (127.25 KB / 250.00 KB) | Speed: -- B/s
File: download: role-a-mode-c.bin
[███████████████░░░░░░░░░░░░░░░]  50.9% (127.37 KB / 250.00 KB) | Speed: -- B/s
File: download: role-a-mode-c.bin
[███████████████░░░░░░░░░░░░░░░]  51.0% (127.50 KB / 250.00 KB) | Speed: -- B/s
File: download: role-a-mode-c.bin
[███████████████░░░░░░░░░░░░░░░]  51.0% (127.62 KB / 250.00 KB) | Speed: -- B/s
File: download: role-a-mode-c.bin
[███████████████░░░░░░░░░░░░░░░]  51.1% (127.74 KB / 250.00 KB) | Speed: -- B/s
File: download: role-a-mode-c.bin
[███████████████░░░░░░░░░░░░░░░]  51.1% (127.87 KB / 250.00 KB) | Speed: -- B/s
File: download: role-a-mode-c.bin
[███████████████░░░░░░░░░░░░░░░]  51.2% (127.99 KB / 250.00 KB) | Speed: -- B/s
File: download: role-a-mode-c.bin
[███████████████░░░░░░░░░░░░░░░]  51.2% (128.12 KB / 250.00 KB) | Speed: -- B/s
File: download: role-a-mode-c.bin
[███████████████░░░░░░░░░░░░░░░]  51.3% (128.24 KB / 250.00 KB) | Speed: -- B/s
File: download: role-a-mode-c.bin
[███████████████░░░░░░░░░░░░░░░]  51.3% (128.36 KB / 250.00 KB) | Speed: -- B/s
File: download: role-a-mode-c.bin
[███████████████░░░░░░░░░░░░░░░]  51.4% (128.49 KB / 250.00 KB) | Speed: -- B/s
File: download: role-a-mode-c.bin
[███████████████░░░░░░░░░░░░░░░]  51.4% (128.61 KB / 250.00 KB) | Speed: -- B/s
File: download: role-a-mode-c.bin
[███████████████░░░░░░░░░░░░░░░]  51.5% (128.74 KB / 250.00 KB) | Speed: -- B/s
File: download: role-a-mode-c.bin
[███████████████░░░░░░░░░░░░░░░]  51.5% (128.86 KB / 250.00 KB) | Speed: -- B/s
File: download: role-a-mode-c.bin
[███████████████░░░░░░░░░░░░░░░]  51.6% (128.98 KB / 250.00 KB) | Speed: -- B/s
File: download: role-a-mode-c.bin
[███████████████░░░░░░░░░░░░░░░]  51.6% (129.11 KB / 250.00 KB) | Speed: -- B/s
File: download: role-a-mode-c.bin
[████████████████░░░░░░░░░░░░░░]  51.7% (129.23 KB / 250.00 KB) | Speed: -- B/s
File: download: role-a-mode-c.bin
[████████████████░░░░░░░░░░░░░░]  51.7% (129.36 KB / 250.00 KB) | Speed: -- B/s
File: download: role-a-mode-c.bin
[████████████████░░░░░░░░░░░░░░]  51.8% (129.48 KB / 250.00 KB) | Speed: -- B/s
File: download: role-a-mode-c.bin
[████████████████░░░░░░░░░░░░░░]  51.8% (129.60 KB / 250.00 KB) | Speed: -- B/s
File: download: role-a-mode-c.bin
[████████████████░░░░░░░░░░░░░░]  51.9% (129.73 KB / 250.00 KB) | Speed: -- B/s
File: download: role-a-mode-c.bin
[████████████████░░░░░░░░░░░░░░]  51.9% (129.85 KB / 250.00 KB) | Speed: -- B/s
File: download: role-a-mode-c.bin
[████████████████░░░░░░░░░░░░░░]  52.0% (129.98 KB / 250.00 KB) | Speed: -- B/s
File: download: role-a-mode-c.bin
[████████████████░░░░░░░░░░░░░░]  52.0% (130.10 KB / 250.00 KB) | Speed: -- B/s
File: download: role-a-mode-c.bin
[████████████████░░░░░░░░░░░░░░]  52.1% (130.22 KB / 250.00 KB) | Speed: -- B/s
File: download: role-a-mode-c.bin
[████████████████░░░░░░░░░░░░░░]  52.1% (130.35 KB / 250.00 KB) | Speed: -- B/s
File: download: role-a-mode-c.bin
[████████████████░░░░░░░░░░░░░░]  52.2% (130.47 KB / 250.00 KB) | Speed: -- B/s
File: download: role-a-mode-c.bin
[████████████████░░░░░░░░░░░░░░]  52.2% (130.60 KB / 250.00 KB) | Speed: -- B/s
File: download: role-a-mode-c.bin
[████████████████░░░░░░░░░░░░░░]  52.3% (130.72 KB / 250.00 KB) | Speed: -- B/s
File: download: role-a-mode-c.bin
[████████████████░░░░░░░░░░░░░░]  52.3% (130.84 KB / 250.00 KB) | Speed: -- B/s
File: download: role-a-mode-c.bin
[████████████████░░░░░░░░░░░░░░]  52.4% (130.97 KB / 250.00 KB) | Speed: -- B/s
File: download: role-a-mode-c.bin
[████████████████░░░░░░░░░░░░░░]  52.4% (131.09 KB / 250.00 KB) | Speed: -- B/s
File: download: role-a-mode-c.bin
[████████████████░░░░░░░░░░░░░░]  52.5% (131.22 KB / 250.00 KB) | Speed: -- B/s
File: download: role-a-mode-c.bin
[████████████████░░░░░░░░░░░░░░]  52.5% (131.34 KB / 250.00 KB) | Speed: -- B/s
File: download: role-a-mode-c.bin
[████████████████░░░░░░░░░░░░░░]  52.6% (131.46 KB / 250.00 KB) | Speed: -- B/s
File: download: role-a-mode-c.bin
[████████████████░░░░░░░░░░░░░░]  52.6% (131.59 KB / 250.00 KB) | Speed: -- B/s
File: download: role-a-mode-c.bin
[████████████████░░░░░░░░░░░░░░]  52.7% (131.71 KB / 250.00 KB) | Speed: -- B/s
File: download: role-a-mode-c.bin
[████████████████░░░░░░░░░░░░░░]  52.7% (131.84 KB / 250.00 KB) | Speed: -- B/s
File: download: role-a-mode-c.bin
[████████████████░░░░░░░░░░░░░░]  52.8% (131.96 KB / 250.00 KB) | Speed: -- B/s
File: download: role-a-mode-c.bin
[████████████████░░░░░░░░░░░░░░]  52.8% (132.08 KB / 250.00 KB) | Speed: -- B/s
File: download: role-a-mode-c.bin
[████████████████░░░░░░░░░░░░░░]  52.9% (132.21 KB / 250.00 KB) | Speed: -- B/s
File: download: role-a-mode-c.bin
[████████████████░░░░░░░░░░░░░░]  52.9% (132.33 KB / 250.00 KB) | Speed: -- B/s
File: download: role-a-mode-c.bin
[████████████████░░░░░░░░░░░░░░]  53.0% (132.46 KB / 250.00 KB) | Speed: -- B/s
File: download: role-a-mode-c.bin
[████████████████░░░░░░░░░░░░░░]  53.0% (132.58 KB / 250.00 KB) | Speed: -- B/s
File: download: role-a-mode-c.bin
[████████████████░░░░░░░░░░░░░░]  53.1% (132.71 KB / 250.00 KB) | Speed: -- B/s
File: download: role-a-mode-c.bin
[████████████████░░░░░░░░░░░░░░]  53.1% (132.83 KB / 250.00 KB) | Speed: -- B/s
File: download: role-a-mode-c.bin
[████████████████░░░░░░░░░░░░░░]  53.2% (132.95 KB / 250.00 KB) | Speed: -- B/s
File: download: role-a-mode-c.bin
[████████████████░░░░░░░░░░░░░░]  53.2% (133.08 KB / 250.00 KB) | Speed: -- B/s
File: download: role-a-mode-c.bin
[████████████████░░░░░░░░░░░░░░]  53.3% (133.20 KB / 250.00 KB) | Speed: -- B/s
File: download: role-a-mode-c.bin
[████████████████░░░░░░░░░░░░░░]  53.3% (133.33 KB / 250.00 KB) | Speed: -- B/s
File: download: role-a-mode-c.bin
[████████████████░░░░░░░░░░░░░░]  53.4% (133.45 KB / 250.00 KB) | Speed: -- B/s
File: download: role-a-mode-c.bin
[████████████████░░░░░░░░░░░░░░]  53.4% (133.57 KB / 250.00 KB) | Speed: -- B/s
File: download: role-a-mode-c.bin
[████████████████░░░░░░░░░░░░░░]  53.5% (133.70 KB / 250.00 KB) | Speed: -- B/s
File: download: role-a-mode-c.bin
[████████████████░░░░░░░░░░░░░░]  53.5% (133.82 KB / 250.00 KB) | Speed: -- B/s
File: download: role-a-mode-c.bin
[████████████████░░░░░░░░░░░░░░]  53.6% (133.95 KB / 250.00 KB) | Speed: -- B/s
File: download: role-a-mode-c.bin
[████████████████░░░░░░░░░░░░░░]  53.6% (134.07 KB / 250.00 KB) | Speed: -- B/s
File: download: role-a-mode-c.bin
[████████████████░░░░░░░░░░░░░░]  53.7% (134.19 KB / 250.00 KB) | Speed: -- B/s
File: download: role-a-mode-c.bin
[████████████████░░░░░░░░░░░░░░]  53.7% (134.32 KB / 250.00 KB) | Speed: -- B/s
File: download: role-a-mode-c.bin
[████████████████░░░░░░░░░░░░░░]  53.8% (134.44 KB / 250.00 KB) | Speed: -- B/s
File: download: role-a-mode-c.bin
[████████████████░░░░░░░░░░░░░░]  53.8% (134.57 KB / 250.00 KB) | Speed: -- B/s
File: download: role-a-mode-c.bin
[████████████████░░░░░░░░░░░░░░]  53.9% (134.69 KB / 250.00 KB) | Speed: -- B/s
File: download: role-a-mode-c.bin
[████████████████░░░░░░░░░░░░░░]  53.9% (134.81 KB / 250.00 KB) | Speed: -- B/s
File: download: role-a-mode-c.bin
[████████████████░░░░░░░░░░░░░░]  54.0% (134.94 KB / 250.00 KB) | Speed: -- B/s
File: download: role-a-mode-c.bin
[████████████████░░░░░░░░░░░░░░]  54.0% (135.06 KB / 250.00 KB) | Speed: -- B/s
File: download: role-a-mode-c.bin
[████████████████░░░░░░░░░░░░░░]  54.1% (135.19 KB / 250.00 KB) | Speed: -- B/s
File: download: role-a-mode-c.bin
[████████████████░░░░░░░░░░░░░░]  54.1% (135.31 KB / 250.00 KB) | Speed: -- B/s
File: download: role-a-mode-c.bin
[████████████████░░░░░░░░░░░░░░]  54.2% (135.43 KB / 250.00 KB) | Speed: -- B/s
File: download: role-a-mode-c.bin
[████████████████░░░░░░░░░░░░░░]  54.2% (135.56 KB / 250.00 KB) | Speed: -- B/s
File: download: role-a-mode-c.bin
[████████████████░░░░░░░░░░░░░░]  54.3% (135.68 KB / 250.00 KB) | Speed: -- B/s
File: download: role-a-mode-c.bin
[████████████████░░░░░░░░░░░░░░]  54.3% (135.81 KB / 250.00 KB) | Speed: -- B/s
File: download: role-a-mode-c.bin
[████████████████░░░░░░░░░░░░░░]  54.4% (135.93 KB / 250.00 KB) | Speed: -- B/s
File: download: role-a-mode-c.bin
[████████████████░░░░░░░░░░░░░░]  54.4% (136.05 KB / 250.00 KB) | Speed: -- B/s
File: download: role-a-mode-c.bin
[████████████████░░░░░░░░░░░░░░]  54.5% (136.18 KB / 250.00 KB) | Speed: -- B/s
File: download: role-a-mode-c.bin
[████████████████░░░░░░░░░░░░░░]  54.5% (136.30 KB / 250.00 KB) | Speed: -- B/s
File: download: role-a-mode-c.bin
[████████████████░░░░░░░░░░░░░░]  54.6% (136.43 KB / 250.00 KB) | Speed: -- B/s
File: download: role-a-mode-c.bin
[████████████████░░░░░░░░░░░░░░]  54.6% (136.55 KB / 250.00 KB) | Speed: -- B/s
File: download: role-a-mode-c.bin
[████████████████░░░░░░░░░░░░░░]  54.7% (136.67 KB / 250.00 KB) | Speed: -- B/s
File: download: role-a-mode-c.bin
[████████████████░░░░░░░░░░░░░░]  54.7% (136.80 KB / 250.00 KB) | Speed: -- B/s
File: download: role-a-mode-c.bin
[████████████████░░░░░░░░░░░░░░]  54.8% (136.92 KB / 250.00 KB) | Speed: -- B/s
File: download: role-a-mode-c.bin
[████████████████░░░░░░░░░░░░░░]  54.8% (137.05 KB / 250.00 KB) | Speed: -- B/s
File: download: role-a-mode-c.bin
[████████████████░░░░░░░░░░░░░░]  54.9% (137.17 KB / 250.00 KB) | Speed: -- B/s
File: download: role-a-mode-c.bin
[████████████████░░░░░░░░░░░░░░]  54.9% (137.29 KB / 250.00 KB) | Speed: -- B/s
File: download: role-a-mode-c.bin
[████████████████░░░░░░░░░░░░░░]  55.0% (137.42 KB / 250.00 KB) | Speed: -- B/s
File: download: role-a-mode-c.bin
[█████████████████░░░░░░░░░░░░░]  55.0% (137.54 KB / 250.00 KB) | Speed: -- B/s
File: download: role-a-mode-c.bin
[█████████████████░░░░░░░░░░░░░]  55.1% (137.67 KB / 250.00 KB) | Speed: -- B/s
File: download: role-a-mode-c.bin
[█████████████████░░░░░░░░░░░░░]  55.1% (137.79 KB / 250.00 KB) | Speed: -- B/s
File: download: role-a-mode-c.bin
[█████████████████░░░░░░░░░░░░░]  55.2% (137.91 KB / 250.00 KB) | Speed: -- B/s
File: download: role-a-mode-c.bin
[█████████████████░░░░░░░░░░░░░]  55.2% (138.04 KB / 250.00 KB) | Speed: -- B/s
File: download: role-a-mode-c.bin
[█████████████████░░░░░░░░░░░░░]  55.3% (138.16 KB / 250.00 KB) | Speed: -- B/s
File: download: role-a-mode-c.bin
[█████████████████░░░░░░░░░░░░░]  55.3% (138.29 KB / 250.00 KB) | Speed: -- B/s
File: download: role-a-mode-c.bin
[█████████████████░░░░░░░░░░░░░]  55.4% (138.41 KB / 250.00 KB) | Speed: -- B/s
File: download: role-a-mode-c.bin
[█████████████████░░░░░░░░░░░░░]  55.4% (138.53 KB / 250.00 KB) | Speed: -- B/s
File: download: role-a-mode-c.bin
[█████████████████░░░░░░░░░░░░░]  55.5% (138.66 KB / 250.00 KB) | Speed: -- B/s
File: download: role-a-mode-c.bin
[█████████████████░░░░░░░░░░░░░]  55.5% (138.78 KB / 250.00 KB) | Speed: -- B/s
File: download: role-a-mode-c.bin
[█████████████████░░░░░░░░░░░░░]  55.6% (138.91 KB / 250.00 KB) | Speed: -- B/s
File: download: role-a-mode-c.bin
[█████████████████░░░░░░░░░░░░░]  55.6% (139.03 KB / 250.00 KB) | Speed: -- B/s
File: download: role-a-mode-c.bin
[█████████████████░░░░░░░░░░░░░]  55.7% (139.15 KB / 250.00 KB) | Speed: -- B/s
File: download: role-a-mode-c.bin
[█████████████████░░░░░░░░░░░░░]  55.7% (139.28 KB / 250.00 KB) | Speed: -- B/s
File: download: role-a-mode-c.bin
[█████████████████░░░░░░░░░░░░░]  55.8% (139.40 KB / 250.00 KB) | Speed: -- B/s
File: download: role-a-mode-c.bin
[█████████████████░░░░░░░░░░░░░]  55.8% (139.53 KB / 250.00 KB) | Speed: -- B/s
File: download: role-a-mode-c.bin
[█████████████████░░░░░░░░░░░░░]  55.9% (139.65 KB / 250.00 KB) | Speed: -- B/s
File: download: role-a-mode-c.bin
[█████████████████░░░░░░░░░░░░░]  55.9% (139.77 KB / 250.00 KB) | Speed: -- B/s
File: download: role-a-mode-c.bin
[█████████████████░░░░░░░░░░░░░]  56.0% (139.90 KB / 250.00 KB) | Speed: -- B/s
File: download: role-a-mode-c.bin
[█████████████████░░░░░░░░░░░░░]  56.0% (140.02 KB / 250.00 KB) | Speed: -- B/s
File: download: role-a-mode-c.bin
[█████████████████░░░░░░░░░░░░░]  56.1% (140.15 KB / 250.00 KB) | Speed: -- B/s
File: download: role-a-mode-c.bin
[█████████████████░░░░░░░░░░░░░]  56.1% (140.27 KB / 250.00 KB) | Speed: -- B/s
File: download: role-a-mode-c.bin
[█████████████████░░░░░░░░░░░░░]  56.2% (140.39 KB / 250.00 KB) | Speed: -- B/s
File: download: role-a-mode-c.bin
[█████████████████░░░░░░░░░░░░░]  56.2% (140.52 KB / 250.00 KB) | Speed: -- B/s
File: download: role-a-mode-c.bin
[█████████████████░░░░░░░░░░░░░]  56.3% (140.64 KB / 250.00 KB) | Speed: -- B/s
File: download: role-a-mode-c.bin
[█████████████████░░░░░░░░░░░░░]  56.3% (140.77 KB / 250.00 KB) | Speed: -- B/s
File: download: role-a-mode-c.bin
[█████████████████░░░░░░░░░░░░░]  56.4% (140.89 KB / 250.00 KB) | Speed: -- B/s
File: download: role-a-mode-c.bin
[█████████████████░░░░░░░░░░░░░]  56.4% (141.01 KB / 250.00 KB) | Speed: -- B/s
File: download: role-a-mode-c.bin
[█████████████████░░░░░░░░░░░░░]  56.5% (141.14 KB / 250.00 KB) | Speed: -- B/s
File: download: role-a-mode-c.bin
[█████████████████░░░░░░░░░░░░░]  56.5% (141.26 KB / 250.00 KB) | Speed: -- B/s
File: download: role-a-mode-c.bin
[█████████████████░░░░░░░░░░░░░]  56.6% (141.39 KB / 250.00 KB) | Speed: -- B/s
File: download: role-a-mode-c.bin
[█████████████████░░░░░░░░░░░░░]  56.6% (141.51 KB / 250.00 KB) | Speed: -- B/s
File: download: role-a-mode-c.bin
[█████████████████░░░░░░░░░░░░░]  56.7% (141.63 KB / 250.00 KB) | Speed: -- B/s
File: download: role-a-mode-c.bin
[█████████████████░░░░░░░░░░░░░]  56.7% (141.76 KB / 250.00 KB) | Speed: -- B/s
File: download: role-a-mode-c.bin
[█████████████████░░░░░░░░░░░░░]  56.8% (141.88 KB / 250.00 KB) | Speed: -- B/s
File: download: role-a-mode-c.bin
[█████████████████░░░░░░░░░░░░░]  56.8% (142.01 KB / 250.00 KB) | Speed: -- B/s
File: download: role-a-mode-c.bin
[█████████████████░░░░░░░░░░░░░]  56.9% (142.13 KB / 250.00 KB) | Speed: -- B/s
File: download: role-a-mode-c.bin
[█████████████████░░░░░░░░░░░░░]  56.9% (142.25 KB / 250.00 KB) | Speed: -- B/s
File: download: role-a-mode-c.bin
[█████████████████░░░░░░░░░░░░░]  57.0% (142.38 KB / 250.00 KB) | Speed: -- B/s
File: download: role-a-mode-c.bin
[█████████████████░░░░░░░░░░░░░]  57.0% (142.50 KB / 250.00 KB) | Speed: -- B/s
File: download: role-a-mode-c.bin
[█████████████████░░░░░░░░░░░░░]  57.1% (142.63 KB / 250.00 KB) | Speed: -- B/s
File: download: role-a-mode-c.bin
[█████████████████░░░░░░░░░░░░░]  57.1% (142.75 KB / 250.00 KB) | Speed: -- B/s
File: download: role-a-mode-c.bin
[█████████████████░░░░░░░░░░░░░]  57.1% (142.88 KB / 250.00 KB) | Speed: -- B/s
File: download: role-a-mode-c.bin
[█████████████████░░░░░░░░░░░░░]  57.2% (143.00 KB / 250.00 KB) | Speed: -- B/s
File: download: role-a-mode-c.bin
[█████████████████░░░░░░░░░░░░░]  57.2% (143.12 KB / 250.00 KB) | Speed: -- B/s
File: download: role-a-mode-c.bin
[█████████████████░░░░░░░░░░░░░]  57.3% (143.25 KB / 250.00 KB) | Speed: -- B/s
File: download: role-a-mode-c.bin
[█████████████████░░░░░░░░░░░░░]  57.3% (143.37 KB / 250.00 KB) | Speed: -- B/s
File: download: role-a-mode-c.bin
[█████████████████░░░░░░░░░░░░░]  57.4% (143.50 KB / 250.00 KB) | Speed: -- B/s
File: download: role-a-mode-c.bin
[█████████████████░░░░░░░░░░░░░]  57.4% (143.62 KB / 250.00 KB) | Speed: -- B/s
File: download: role-a-mode-c.bin
[█████████████████░░░░░░░░░░░░░]  57.5% (143.74 KB / 250.00 KB) | Speed: -- B/s
File: download: role-a-mode-c.bin
[█████████████████░░░░░░░░░░░░░]  57.5% (143.87 KB / 250.00 KB) | Speed: -- B/s
File: download: role-a-mode-c.bin
[█████████████████░░░░░░░░░░░░░]  57.6% (143.99 KB / 250.00 KB) | Speed: -- B/s
File: download: role-a-mode-c.bin
[█████████████████░░░░░░░░░░░░░]  57.6% (144.12 KB / 250.00 KB) | Speed: -- B/s
File: download: role-a-mode-c.bin
[█████████████████░░░░░░░░░░░░░]  57.7% (144.24 KB / 250.00 KB) | Speed: -- B/s
File: download: role-a-mode-c.bin
[█████████████████░░░░░░░░░░░░░]  57.7% (144.36 KB / 250.00 KB) | Speed: -- B/s
File: download: role-a-mode-c.bin
[█████████████████░░░░░░░░░░░░░]  57.8% (144.49 KB / 250.00 KB) | Speed: -- B/s
File: download: role-a-mode-c.bin
[█████████████████░░░░░░░░░░░░░]  57.8% (144.61 KB / 250.00 KB) | Speed: -- B/s
File: download: role-a-mode-c.bin
[█████████████████░░░░░░░░░░░░░]  57.9% (144.74 KB / 250.00 KB) | Speed: -- B/s
File: download: role-a-mode-c.bin
[█████████████████░░░░░░░░░░░░░]  57.9% (144.86 KB / 250.00 KB) | Speed: -- B/s
File: download: role-a-mode-c.bin
[█████████████████░░░░░░░░░░░░░]  58.0% (144.98 KB / 250.00 KB) | Speed: -- B/s
File: download: role-a-mode-c.bin
[█████████████████░░░░░░░░░░░░░]  58.0% (145.11 KB / 250.00 KB) | Speed: -- B/s
File: download: role-a-mode-c.bin
[█████████████████░░░░░░░░░░░░░]  58.1% (145.23 KB / 250.00 KB) | Speed: -- B/s
File: download: role-a-mode-c.bin
[█████████████████░░░░░░░░░░░░░]  58.1% (145.36 KB / 250.00 KB) | Speed: -- B/s
File: download: role-a-mode-c.bin
[█████████████████░░░░░░░░░░░░░]  58.2% (145.48 KB / 250.00 KB) | Speed: -- B/s
File: download: role-a-mode-c.bin
[█████████████████░░░░░░░░░░░░░]  58.2% (145.60 KB / 250.00 KB) | Speed: -- B/s
File: download: role-a-mode-c.bin
[█████████████████░░░░░░░░░░░░░]  58.3% (145.73 KB / 250.00 KB) | Speed: -- B/s
File: download: role-a-mode-c.bin
[██████████████████░░░░░░░░░░░░]  58.3% (145.85 KB / 250.00 KB) | Speed: -- B/s
File: download: role-a-mode-c.bin
[██████████████████░░░░░░░░░░░░]  58.4% (145.98 KB / 250.00 KB) | Speed: -- B/s
File: download: role-a-mode-c.bin
[██████████████████░░░░░░░░░░░░]  58.4% (146.10 KB / 250.00 KB) | Speed: -- B/s
File: download: role-a-mode-c.bin
[██████████████████░░░░░░░░░░░░]  58.5% (146.22 KB / 250.00 KB) | Speed: -- B/s
File: download: role-a-mode-c.bin
[██████████████████░░░░░░░░░░░░]  58.5% (146.35 KB / 250.00 KB) | Speed: -- B/s
File: download: role-a-mode-c.bin
[██████████████████░░░░░░░░░░░░]  58.6% (146.47 KB / 250.00 KB) | Speed: -- B/s
File: download: role-a-mode-c.bin
[██████████████████░░░░░░░░░░░░]  58.6% (146.60 KB / 250.00 KB) | Speed: -- B/s
File: download: role-a-mode-c.bin
[██████████████████░░░░░░░░░░░░]  58.7% (146.72 KB / 250.00 KB) | Speed: -- B/s
File: download: role-a-mode-c.bin
[██████████████████░░░░░░░░░░░░]  58.7% (146.84 KB / 250.00 KB) | Speed: -- B/s
File: download: role-a-mode-c.bin
[██████████████████░░░░░░░░░░░░]  58.8% (146.97 KB / 250.00 KB) | Speed: -- B/s
File: download: role-a-mode-c.bin
[██████████████████░░░░░░░░░░░░]  58.8% (147.09 KB / 250.00 KB) | Speed: -- B/s
File: download: role-a-mode-c.bin
[██████████████████░░░░░░░░░░░░]  58.9% (147.22 KB / 250.00 KB) | Speed: -- B/s
File: download: role-a-mode-c.bin
[██████████████████░░░░░░░░░░░░]  58.9% (147.34 KB / 250.00 KB) | Speed: -- B/s
File: download: role-a-mode-c.bin
[██████████████████░░░░░░░░░░░░]  59.0% (147.46 KB / 250.00 KB) | Speed: -- B/s
File: download: role-a-mode-c.bin
[██████████████████░░░░░░░░░░░░]  59.0% (147.59 KB / 250.00 KB) | Speed: -- B/s
File: download: role-a-mode-c.bin
[██████████████████░░░░░░░░░░░░]  59.1% (147.71 KB / 250.00 KB) | Speed: -- B/s
File: download: role-a-mode-c.bin
[██████████████████░░░░░░░░░░░░]  59.1% (147.84 KB / 250.00 KB) | Speed: -- B/s
File: download: role-a-mode-c.bin
[██████████████████░░░░░░░░░░░░]  59.2% (147.96 KB / 250.00 KB) | Speed: -- B/s
File: download: role-a-mode-c.bin
[██████████████████░░░░░░░░░░░░]  59.2% (148.08 KB / 250.00 KB) | Speed: -- B/s
File: download: role-a-mode-c.bin
[██████████████████░░░░░░░░░░░░]  59.3% (148.21 KB / 250.00 KB) | Speed: -- B/s
File: download: role-a-mode-c.bin
[██████████████████░░░░░░░░░░░░]  59.3% (148.33 KB / 250.00 KB) | Speed: -- B/s
File: download: role-a-mode-c.bin
[██████████████████░░░░░░░░░░░░]  59.4% (148.46 KB / 250.00 KB) | Speed: -- B/s
File: download: role-a-mode-c.bin
[██████████████████░░░░░░░░░░░░]  59.4% (148.58 KB / 250.00 KB) | Speed: -- B/s
File: download: role-a-mode-c.bin
[██████████████████░░░░░░░░░░░░]  59.5% (148.70 KB / 250.00 KB) | Speed: -- B/s
File: download: role-a-mode-c.bin
[██████████████████░░░░░░░░░░░░]  59.5% (148.83 KB / 250.00 KB) | Speed: -- B/s
File: download: role-a-mode-c.bin
[██████████████████░░░░░░░░░░░░]  59.6% (148.95 KB / 250.00 KB) | Speed: -- B/s
File: download: role-a-mode-c.bin
[██████████████████░░░░░░░░░░░░]  59.6% (149.08 KB / 250.00 KB) | Speed: -- B/s
File: download: role-a-mode-c.bin
[██████████████████░░░░░░░░░░░░]  59.7% (149.20 KB / 250.00 KB) | Speed: -- B/s
File: download: role-a-mode-c.bin
[██████████████████░░░░░░░░░░░░]  59.7% (149.32 KB / 250.00 KB) | Speed: -- B/s
File: download: role-a-mode-c.bin
[██████████████████░░░░░░░░░░░░]  59.8% (149.45 KB / 250.00 KB) | Speed: -- B/s
File: download: role-a-mode-c.bin
[██████████████████░░░░░░░░░░░░]  59.8% (149.57 KB / 250.00 KB) | Speed: -- B/s
File: download: role-a-mode-c.bin
[██████████████████░░░░░░░░░░░░]  59.9% (149.70 KB / 250.00 KB) | Speed: -- B/s
File: download: role-a-mode-c.bin
[██████████████████░░░░░░░░░░░░]  59.9% (149.82 KB / 250.00 KB) | Speed: -- B/s
File: download: role-a-mode-c.bin
[██████████████████░░░░░░░░░░░░]  60.0% (149.94 KB / 250.00 KB) | Speed: -- B/s
File: download: role-a-mode-c.bin
[██████████████████░░░░░░░░░░░░]  60.0% (150.07 KB / 250.00 KB) | Speed: -- B/s
File: download: role-a-mode-c.bin
[██████████████████░░░░░░░░░░░░]  60.1% (150.19 KB / 250.00 KB) | Speed: -- B/s
File: download: role-a-mode-c.bin
[██████████████████░░░░░░░░░░░░]  60.1% (150.32 KB / 250.00 KB) | Speed: -- B/s
File: download: role-a-mode-c.bin
[██████████████████░░░░░░░░░░░░]  60.2% (150.44 KB / 250.00 KB) | Speed: -- B/s
File: download: role-a-mode-c.bin
[██████████████████░░░░░░░░░░░░]  60.2% (150.56 KB / 250.00 KB) | Speed: -- B/s
File: download: role-a-mode-c.bin
[██████████████████░░░░░░░░░░░░]  60.3% (150.69 KB / 250.00 KB) | Speed: -- B/s
File: download: role-a-mode-c.bin
[██████████████████░░░░░░░░░░░░]  60.3% (150.81 KB / 250.00 KB) | Speed: -- B/s
File: download: role-a-mode-c.bin
[██████████████████░░░░░░░░░░░░]  60.4% (150.94 KB / 250.00 KB) | Speed: -- B/s
File: download: role-a-mode-c.bin
[██████████████████░░░░░░░░░░░░]  60.4% (151.06 KB / 250.00 KB) | Speed: -- B/s
File: download: role-a-mode-c.bin
[██████████████████░░░░░░░░░░░░]  60.5% (151.18 KB / 250.00 KB) | Speed: -- B/s
File: download: role-a-mode-c.bin
[██████████████████░░░░░░░░░░░░]  60.5% (151.31 KB / 250.00 KB) | Speed: -- B/s
File: download: role-a-mode-c.bin
[██████████████████░░░░░░░░░░░░]  60.6% (151.43 KB / 250.00 KB) | Speed: -- B/s
File: download: role-a-mode-c.bin
[██████████████████░░░░░░░░░░░░]  60.6% (151.56 KB / 250.00 KB) | Speed: -- B/s
File: download: role-a-mode-c.bin
[██████████████████░░░░░░░░░░░░]  60.7% (151.68 KB / 250.00 KB) | Speed: -- B/s
File: download: role-a-mode-c.bin
[██████████████████░░░░░░░░░░░░]  60.7% (151.80 KB / 250.00 KB) | Speed: -- B/s
File: download: role-a-mode-c.bin
[██████████████████░░░░░░░░░░░░]  60.8% (151.93 KB / 250.00 KB) | Speed: -- B/s
File: download: role-a-mode-c.bin
[██████████████████░░░░░░░░░░░░]  60.8% (152.05 KB / 250.00 KB) | Speed: -- B/s
File: download: role-a-mode-c.bin
[██████████████████░░░░░░░░░░░░]  60.9% (152.18 KB / 250.00 KB) | Speed: -- B/s
File: download: role-a-mode-c.bin
[██████████████████░░░░░░░░░░░░]  60.9% (152.30 KB / 250.00 KB) | Speed: -- B/s
File: download: role-a-mode-c.bin
[██████████████████░░░░░░░░░░░░]  61.0% (152.42 KB / 250.00 KB) | Speed: -- B/s
File: download: role-a-mode-c.bin
[██████████████████░░░░░░░░░░░░]  61.0% (152.55 KB / 250.00 KB) | Speed: -- B/s
File: download: role-a-mode-c.bin
[██████████████████░░░░░░░░░░░░]  61.1% (152.67 KB / 250.00 KB) | Speed: -- B/s
File: download: role-a-mode-c.bin
[██████████████████░░░░░░░░░░░░]  61.1% (152.80 KB / 250.00 KB) | Speed: -- B/s
File: download: role-a-mode-c.bin
[██████████████████░░░░░░░░░░░░]  61.2% (152.92 KB / 250.00 KB) | Speed: -- B/s
File: download: role-a-mode-c.bin
[██████████████████░░░░░░░░░░░░]  61.2% (153.04 KB / 250.00 KB) | Speed: -- B/s
File: download: role-a-mode-c.bin
[██████████████████░░░░░░░░░░░░]  61.3% (153.17 KB / 250.00 KB) | Speed: -- B/s
File: download: role-a-mode-c.bin
[██████████████████░░░░░░░░░░░░]  61.3% (153.29 KB / 250.00 KB) | Speed: -- B/s
File: download: role-a-mode-c.bin
[██████████████████░░░░░░░░░░░░]  61.4% (153.42 KB / 250.00 KB) | Speed: -- B/s
File: download: role-a-mode-c.bin
[██████████████████░░░░░░░░░░░░]  61.4% (153.54 KB / 250.00 KB) | Speed: -- B/s
File: download: role-a-mode-c.bin
[██████████████████░░░░░░░░░░░░]  61.5% (153.67 KB / 250.00 KB) | Speed: -- B/s
File: download: role-a-mode-c.bin
[██████████████████░░░░░░░░░░░░]  61.5% (153.79 KB / 250.00 KB) | Speed: -- B/s
File: download: role-a-mode-c.bin
[██████████████████░░░░░░░░░░░░]  61.6% (153.91 KB / 250.00 KB) | Speed: -- B/s
File: download: role-a-mode-c.bin
[██████████████████░░░░░░░░░░░░]  61.6% (154.04 KB / 250.00 KB) | Speed: -- B/s
File: download: role-a-mode-c.bin
[██████████████████░░░░░░░░░░░░]  61.7% (154.16 KB / 250.00 KB) | Speed: -- B/s
File: download: role-a-mode-c.bin
[███████████████████░░░░░░░░░░░]  61.7% (154.29 KB / 250.00 KB) | Speed: -- B/s
File: download: role-a-mode-c.bin
[███████████████████░░░░░░░░░░░]  61.8% (154.41 KB / 250.00 KB) | Speed: -- B/s
File: download: role-a-mode-c.bin
[███████████████████░░░░░░░░░░░]  61.8% (154.53 KB / 250.00 KB) | Speed: -- B/s
File: download: role-a-mode-c.bin
[███████████████████░░░░░░░░░░░]  61.9% (154.66 KB / 250.00 KB) | Speed: -- B/s
File: download: role-a-mode-c.bin
[███████████████████░░░░░░░░░░░]  61.9% (154.78 KB / 250.00 KB) | Speed: -- B/s
File: download: role-a-mode-c.bin
[███████████████████░░░░░░░░░░░]  62.0% (154.91 KB / 250.00 KB) | Speed: -- B/s
File: download: role-a-mode-c.bin
[███████████████████░░░░░░░░░░░]  62.0% (155.03 KB / 250.00 KB) | Speed: -- B/s
File: download: role-a-mode-c.bin
[███████████████████░░░░░░░░░░░]  62.1% (155.15 KB / 250.00 KB) | Speed: -- B/s
File: download: role-a-mode-c.bin
[███████████████████░░░░░░░░░░░]  62.1% (155.28 KB / 250.00 KB) | Speed: -- B/s
File: download: role-a-mode-c.bin
[███████████████████░░░░░░░░░░░]  62.2% (155.40 KB / 250.00 KB) | Speed: -- B/s
File: download: role-a-mode-c.bin
[███████████████████░░░░░░░░░░░]  62.2% (155.53 KB / 250.00 KB) | Speed: -- B/s
File: download: role-a-mode-c.bin
[███████████████████░░░░░░░░░░░]  62.3% (155.65 KB / 250.00 KB) | Speed: -- B/s
File: download: role-a-mode-c.bin
[███████████████████░░░░░░░░░░░]  62.3% (155.77 KB / 250.00 KB) | Speed: -- B/s
File: download: role-a-mode-c.bin
[███████████████████░░░░░░░░░░░]  62.4% (155.90 KB / 250.00 KB) | Speed: -- B/s
File: download: role-a-mode-c.bin
[███████████████████░░░░░░░░░░░]  62.4% (156.02 KB / 250.00 KB) | Speed: -- B/s
File: download: role-a-mode-c.bin
[███████████████████░░░░░░░░░░░]  62.5% (156.15 KB / 250.00 KB) | Speed: -- B/s
File: download: role-a-mode-c.bin
[███████████████████░░░░░░░░░░░]  62.5% (156.27 KB / 250.00 KB) | Speed: -- B/s
File: download: role-a-mode-c.bin
[███████████████████░░░░░░░░░░░]  62.6% (156.39 KB / 250.00 KB) | Speed: -- B/s
File: download: role-a-mode-c.bin
[███████████████████░░░░░░░░░░░]  62.6% (156.52 KB / 250.00 KB) | Speed: -- B/s
File: download: role-a-mode-c.bin
[███████████████████░░░░░░░░░░░]  62.7% (156.64 KB / 250.00 KB) | Speed: -- B/s
File: download: role-a-mode-c.bin
[███████████████████░░░░░░░░░░░]  62.7% (156.77 KB / 250.00 KB) | Speed: -- B/s
File: download: role-a-mode-c.bin
[███████████████████░░░░░░░░░░░]  62.8% (156.89 KB / 250.00 KB) | Speed: -- B/s
File: download: role-a-mode-c.bin
[███████████████████░░░░░░░░░░░]  62.8% (157.01 KB / 250.00 KB) | Speed: -- B/s
File: download: role-a-mode-c.bin
[███████████████████░░░░░░░░░░░]  62.9% (157.14 KB / 250.00 KB) | Speed: -- B/s
File: download: role-a-mode-c.bin
[███████████████████░░░░░░░░░░░]  62.9% (157.26 KB / 250.00 KB) | Speed: -- B/s
File: download: role-a-mode-c.bin
[███████████████████░░░░░░░░░░░]  63.0% (157.39 KB / 250.00 KB) | Speed: -- B/s
File: download: role-a-mode-c.bin
[███████████████████░░░░░░░░░░░]  63.0% (157.51 KB / 250.00 KB) | Speed: -- B/s
File: download: role-a-mode-c.bin
[███████████████████░░░░░░░░░░░]  63.1% (157.63 KB / 250.00 KB) | Speed: -- B/s
File: download: role-a-mode-c.bin
[███████████████████░░░░░░░░░░░]  63.1% (157.76 KB / 250.00 KB) | Speed: -- B/s
File: download: role-a-mode-c.bin
[███████████████████░░░░░░░░░░░]  63.2% (157.88 KB / 250.00 KB) | Speed: -- B/s
File: download: role-a-mode-c.bin
[███████████████████░░░░░░░░░░░]  63.2% (158.01 KB / 250.00 KB) | Speed: -- B/s
File: download: role-a-mode-c.bin
[███████████████████░░░░░░░░░░░]  63.3% (158.13 KB / 250.00 KB) | Speed: -- B/s
File: download: role-a-mode-c.bin
[███████████████████░░░░░░░░░░░]  63.3% (158.25 KB / 250.00 KB) | Speed: -- B/s
File: download: role-a-mode-c.bin
[███████████████████░░░░░░░░░░░]  63.4% (158.38 KB / 250.00 KB) | Speed: -- B/s
File: download: role-a-mode-c.bin
[███████████████████░░░░░░░░░░░]  63.4% (158.50 KB / 250.00 KB) | Speed: -- B/s
File: download: role-a-mode-c.bin
[███████████████████░░░░░░░░░░░]  63.5% (158.63 KB / 250.00 KB) | Speed: -- B/s
File: download: role-a-mode-c.bin
[███████████████████░░░░░░░░░░░]  63.5% (158.75 KB / 250.00 KB) | Speed: -- B/s
File: download: role-a-mode-c.bin
[███████████████████░░░░░░░░░░░]  63.5% (158.87 KB / 250.00 KB) | Speed: -- B/s
File: download: role-a-mode-c.bin
[███████████████████░░░░░░░░░░░]  63.6% (159.00 KB / 250.00 KB) | Speed: -- B/s
File: download: role-a-mode-c.bin
[███████████████████░░░░░░░░░░░]  63.6% (159.12 KB / 250.00 KB) | Speed: -- B/s
File: download: role-a-mode-c.bin
[███████████████████░░░░░░░░░░░]  63.7% (159.25 KB / 250.00 KB) | Speed: -- B/s
File: download: role-a-mode-c.bin
[███████████████████░░░░░░░░░░░]  63.7% (159.37 KB / 250.00 KB) | Speed: -- B/s
File: download: role-a-mode-c.bin
[███████████████████░░░░░░░░░░░]  63.8% (159.49 KB / 250.00 KB) | Speed: -- B/s
File: download: role-a-mode-c.bin
[███████████████████░░░░░░░░░░░]  63.8% (159.62 KB / 250.00 KB) | Speed: -- B/s
File: download: role-a-mode-c.bin
[███████████████████░░░░░░░░░░░]  63.9% (159.74 KB / 250.00 KB) | Speed: -- B/s
File: download: role-a-mode-c.bin
[███████████████████░░░░░░░░░░░]  63.9% (159.87 KB / 250.00 KB) | Speed: -- B/s
File: download: role-a-mode-c.bin
[███████████████████░░░░░░░░░░░]  64.0% (159.99 KB / 250.00 KB) | Speed: -- B/s
File: download: role-a-mode-c.bin
[███████████████████░░░░░░░░░░░]  64.0% (160.11 KB / 250.00 KB) | Speed: -- B/s
File: download: role-a-mode-c.bin
[███████████████████░░░░░░░░░░░]  64.1% (160.24 KB / 250.00 KB) | Speed: -- B/s
File: download: role-a-mode-c.bin
[███████████████████░░░░░░░░░░░]  64.1% (160.36 KB / 250.00 KB) | Speed: -- B/s
File: download: role-a-mode-c.bin
[███████████████████░░░░░░░░░░░]  64.2% (160.49 KB / 250.00 KB) | Speed: -- B/s
File: download: role-a-mode-c.bin
[███████████████████░░░░░░░░░░░]  64.2% (160.61 KB / 250.00 KB) | Speed: -- B/s
File: download: role-a-mode-c.bin
[███████████████████░░░░░░░░░░░]  64.3% (160.73 KB / 250.00 KB) | Speed: -- B/s
File: download: role-a-mode-c.bin
[███████████████████░░░░░░░░░░░]  64.3% (160.86 KB / 250.00 KB) | Speed: -- B/s
File: download: role-a-mode-c.bin
[███████████████████░░░░░░░░░░░]  64.4% (160.98 KB / 250.00 KB) | Speed: -- B/s
File: download: role-a-mode-c.bin
[███████████████████░░░░░░░░░░░]  64.4% (161.11 KB / 250.00 KB) | Speed: -- B/s
File: download: role-a-mode-c.bin
[███████████████████░░░░░░░░░░░]  64.5% (161.23 KB / 250.00 KB) | Speed: -- B/s
File: download: role-a-mode-c.bin
[███████████████████░░░░░░░░░░░]  64.5% (161.35 KB / 250.00 KB) | Speed: -- B/s
File: download: role-a-mode-c.bin
[███████████████████░░░░░░░░░░░]  64.6% (161.48 KB / 250.00 KB) | Speed: -- B/s
File: download: role-a-mode-c.bin
[███████████████████░░░░░░░░░░░]  64.6% (161.60 KB / 250.00 KB) | Speed: -- B/s
File: download: role-a-mode-c.bin
[███████████████████░░░░░░░░░░░]  64.7% (161.73 KB / 250.00 KB) | Speed: -- B/s
File: download: role-a-mode-c.bin
[███████████████████░░░░░░░░░░░]  64.7% (161.85 KB / 250.00 KB) | Speed: -- B/s
File: download: role-a-mode-c.bin
[███████████████████░░░░░░░░░░░]  64.8% (161.97 KB / 250.00 KB) | Speed: -- B/s
File: download: role-a-mode-c.bin
[███████████████████░░░░░░░░░░░]  64.8% (162.10 KB / 250.00 KB) | Speed: -- B/s
File: download: role-a-mode-c.bin
[███████████████████░░░░░░░░░░░]  64.9% (162.22 KB / 250.00 KB) | Speed: -- B/s
File: download: role-a-mode-c.bin
[███████████████████░░░░░░░░░░░]  64.9% (162.35 KB / 250.00 KB) | Speed: -- B/s
File: download: role-a-mode-c.bin
[███████████████████░░░░░░░░░░░]  65.0% (162.47 KB / 250.00 KB) | Speed: -- B/s
File: download: role-a-mode-c.bin
[████████████████████░░░░░░░░░░]  65.0% (162.59 KB / 250.00 KB) | Speed: -- B/s
File: download: role-a-mode-c.bin
[████████████████████░░░░░░░░░░]  65.1% (162.72 KB / 250.00 KB) | Speed: -- B/s
File: download: role-a-mode-c.bin
[████████████████████░░░░░░░░░░]  65.1% (162.84 KB / 250.00 KB) | Speed: -- B/s
File: download: role-a-mode-c.bin
[████████████████████░░░░░░░░░░]  65.2% (162.97 KB / 250.00 KB) | Speed: -- B/s
File: download: role-a-mode-c.bin
[████████████████████░░░░░░░░░░]  65.2% (163.09 KB / 250.00 KB) | Speed: -- B/s
File: download: role-a-mode-c.bin
[████████████████████░░░░░░░░░░]  65.3% (163.21 KB / 250.00 KB) | Speed: -- B/s
File: download: role-a-mode-c.bin
[████████████████████░░░░░░░░░░]  65.3% (163.34 KB / 250.00 KB) | Speed: -- B/s
File: download: role-a-mode-c.bin
[████████████████████░░░░░░░░░░]  65.4% (163.46 KB / 250.00 KB) | Speed: -- B/s
File: download: role-a-mode-c.bin
[████████████████████░░░░░░░░░░]  65.4% (163.59 KB / 250.00 KB) | Speed: -- B/s
File: download: role-a-mode-c.bin
[████████████████████░░░░░░░░░░]  65.5% (163.71 KB / 250.00 KB) | Speed: -- B/s
File: download: role-a-mode-c.bin
[████████████████████░░░░░░░░░░]  65.5% (163.83 KB / 250.00 KB) | Speed: -- B/s
File: download: role-a-mode-c.bin
[████████████████████░░░░░░░░░░]  65.6% (163.96 KB / 250.00 KB) | Speed: -- B/s
File: download: role-a-mode-c.bin
[████████████████████░░░░░░░░░░]  65.6% (164.08 KB / 250.00 KB) | Speed: -- B/s
File: download: role-a-mode-c.bin
[████████████████████░░░░░░░░░░]  65.7% (164.21 KB / 250.00 KB) | Speed: -- B/s
File: download: role-a-mode-c.bin
[████████████████████░░░░░░░░░░]  65.7% (164.33 KB / 250.00 KB) | Speed: -- B/s
File: download: role-a-mode-c.bin
[████████████████████░░░░░░░░░░]  65.8% (164.46 KB / 250.00 KB) | Speed: -- B/s
File: download: role-a-mode-c.bin
[████████████████████░░░░░░░░░░]  65.8% (164.58 KB / 250.00 KB) | Speed: -- B/s
File: download: role-a-mode-c.bin
[████████████████████░░░░░░░░░░]  65.9% (164.70 KB / 250.00 KB) | Speed: -- B/s
File: download: role-a-mode-c.bin
[████████████████████░░░░░░░░░░]  65.9% (164.83 KB / 250.00 KB) | Speed: -- B/s
File: download: role-a-mode-c.bin
[████████████████████░░░░░░░░░░]  66.0% (164.95 KB / 250.00 KB) | Speed: -- B/s
File: download: role-a-mode-c.bin
[████████████████████░░░░░░░░░░]  66.0% (165.08 KB / 250.00 KB) | Speed: -- B/s
File: download: role-a-mode-c.bin
[████████████████████░░░░░░░░░░]  66.1% (165.20 KB / 250.00 KB) | Speed: -- B/s
File: download: role-a-mode-c.bin
[████████████████████░░░░░░░░░░]  66.1% (165.32 KB / 250.00 KB) | Speed: -- B/s
File: download: role-a-mode-c.bin
[████████████████████░░░░░░░░░░]  66.2% (165.45 KB / 250.00 KB) | Speed: -- B/s
File: download: role-a-mode-c.bin
[████████████████████░░░░░░░░░░]  66.2% (165.57 KB / 250.00 KB) | Speed: -- B/s
File: download: role-a-mode-c.bin
[████████████████████░░░░░░░░░░]  66.3% (165.70 KB / 250.00 KB) | Speed: -- B/s
File: download: role-a-mode-c.bin
[████████████████████░░░░░░░░░░]  66.3% (165.82 KB / 250.00 KB) | Speed: -- B/s
File: download: role-a-mode-c.bin
[████████████████████░░░░░░░░░░]  66.4% (165.94 KB / 250.00 KB) | Speed: -- B/s
File: download: role-a-mode-c.bin
[████████████████████░░░░░░░░░░]  66.4% (166.07 KB / 250.00 KB) | Speed: -- B/s
File: download: role-a-mode-c.bin
[████████████████████░░░░░░░░░░]  66.5% (166.19 KB / 250.00 KB) | Speed: -- B/s
File: download: role-a-mode-c.bin
[████████████████████░░░░░░░░░░]  66.5% (166.32 KB / 250.00 KB) | Speed: -- B/s
File: download: role-a-mode-c.bin
[████████████████████░░░░░░░░░░]  66.6% (166.44 KB / 250.00 KB) | Speed: -- B/s
File: download: role-a-mode-c.bin
[████████████████████░░░░░░░░░░]  66.6% (166.56 KB / 250.00 KB) | Speed: -- B/s
File: download: role-a-mode-c.bin
[████████████████████░░░░░░░░░░]  66.7% (166.69 KB / 250.00 KB) | Speed: -- B/s
File: download: role-a-mode-c.bin
[████████████████████░░░░░░░░░░]  66.7% (166.81 KB / 250.00 KB) | Speed: -- B/s
File: download: role-a-mode-c.bin
[████████████████████░░░░░░░░░░]  66.8% (166.94 KB / 250.00 KB) | Speed: -- B/s
File: download: role-a-mode-c.bin
[████████████████████░░░░░░░░░░]  66.8% (167.06 KB / 250.00 KB) | Speed: -- B/s
File: download: role-a-mode-c.bin
[████████████████████░░░░░░░░░░]  66.9% (167.18 KB / 250.00 KB) | Speed: -- B/s
File: download: role-a-mode-c.bin
[████████████████████░░░░░░░░░░]  66.9% (167.31 KB / 250.00 KB) | Speed: -- B/s
File: download: role-a-mode-c.bin
[████████████████████░░░░░░░░░░]  67.0% (167.43 KB / 250.00 KB) | Speed: -- B/s
File: download: role-a-mode-c.bin
[████████████████████░░░░░░░░░░]  67.0% (167.56 KB / 250.00 KB) | Speed: -- B/s
File: download: role-a-mode-c.bin
[████████████████████░░░░░░░░░░]  67.1% (167.68 KB / 250.00 KB) | Speed: -- B/s
File: download: role-a-mode-c.bin
[████████████████████░░░░░░░░░░]  67.1% (167.80 KB / 250.00 KB) | Speed: -- B/s
File: download: role-a-mode-c.bin
[████████████████████░░░░░░░░░░]  67.2% (167.93 KB / 250.00 KB) | Speed: -- B/s
File: download: role-a-mode-c.bin
[████████████████████░░░░░░░░░░]  67.2% (168.05 KB / 250.00 KB) | Speed: -- B/s
File: download: role-a-mode-c.bin
[████████████████████░░░░░░░░░░]  67.3% (168.18 KB / 250.00 KB) | Speed: -- B/s
File: download: role-a-mode-c.bin
[████████████████████░░░░░░░░░░]  67.3% (168.30 KB / 250.00 KB) | Speed: -- B/s
File: download: role-a-mode-c.bin
[████████████████████░░░░░░░░░░]  67.4% (168.42 KB / 250.00 KB) | Speed: -- B/s
File: download: role-a-mode-c.bin
[████████████████████░░░░░░░░░░]  67.4% (168.55 KB / 250.00 KB) | Speed: -- B/s
File: download: role-a-mode-c.bin
[████████████████████░░░░░░░░░░]  67.5% (168.67 KB / 250.00 KB) | Speed: -- B/s
File: download: role-a-mode-c.bin
[████████████████████░░░░░░░░░░]  67.5% (168.80 KB / 250.00 KB) | Speed: -- B/s
File: download: role-a-mode-c.bin
[████████████████████░░░░░░░░░░]  67.6% (168.92 KB / 250.00 KB) | Speed: -- B/s
File: download: role-a-mode-c.bin
[████████████████████░░░░░░░░░░]  67.6% (169.04 KB / 250.00 KB) | Speed: -- B/s
File: download: role-a-mode-c.bin
[████████████████████░░░░░░░░░░]  67.7% (169.17 KB / 250.00 KB) | Speed: -- B/s
File: download: role-a-mode-c.bin
[████████████████████░░░░░░░░░░]  67.7% (169.29 KB / 250.00 KB) | Speed: -- B/s
File: download: role-a-mode-c.bin
[████████████████████░░░░░░░░░░]  67.8% (169.42 KB / 250.00 KB) | Speed: -- B/s
File: download: role-a-mode-c.bin
[████████████████████░░░░░░░░░░]  67.8% (169.54 KB / 250.00 KB) | Speed: -- B/s
File: download: role-a-mode-c.bin
[████████████████████░░░░░░░░░░]  67.9% (169.66 KB / 250.00 KB) | Speed: -- B/s
File: download: role-a-mode-c.bin
[████████████████████░░░░░░░░░░]  67.9% (169.79 KB / 250.00 KB) | Speed: -- B/s
File: download: role-a-mode-c.bin
[████████████████████░░░░░░░░░░]  68.0% (169.91 KB / 250.00 KB) | Speed: -- B/s
File: download: role-a-mode-c.bin
[████████████████████░░░░░░░░░░]  68.0% (170.04 KB / 250.00 KB) | Speed: -- B/s
File: download: role-a-mode-c.bin
[████████████████████░░░░░░░░░░]  68.1% (170.16 KB / 250.00 KB) | Speed: -- B/s
File: download: role-a-mode-c.bin
[████████████████████░░░░░░░░░░]  68.1% (170.28 KB / 250.00 KB) | Speed: -- B/s
File: download: role-a-mode-c.bin
[████████████████████░░░░░░░░░░]  68.2% (170.41 KB / 250.00 KB) | Speed: -- B/s
File: download: role-a-mode-c.bin
[████████████████████░░░░░░░░░░]  68.2% (170.53 KB / 250.00 KB) | Speed: -- B/s
File: download: role-a-mode-c.bin
[████████████████████░░░░░░░░░░]  68.3% (170.66 KB / 250.00 KB) | Speed: -- B/s
File: download: role-a-mode-c.bin
[████████████████████░░░░░░░░░░]  68.3% (170.78 KB / 250.00 KB) | Speed: -- B/s
File: download: role-a-mode-c.bin
[█████████████████████░░░░░░░░░]  68.4% (170.90 KB / 250.00 KB) | Speed: -- B/s
File: download: role-a-mode-c.bin
[█████████████████████░░░░░░░░░]  68.4% (171.03 KB / 250.00 KB) | Speed: -- B/s
File: download: role-a-mode-c.bin
[█████████████████████░░░░░░░░░]  68.5% (171.15 KB / 250.00 KB) | Speed: -- B/s
File: download: role-a-mode-c.bin
[█████████████████████░░░░░░░░░]  68.5% (171.28 KB / 250.00 KB) | Speed: -- B/s
File: download: role-a-mode-c.bin
[█████████████████████░░░░░░░░░]  68.6% (171.40 KB / 250.00 KB) | Speed: -- B/s
File: download: role-a-mode-c.bin
[█████████████████████░░░░░░░░░]  68.6% (171.52 KB / 250.00 KB) | Speed: -- B/s
File: download: role-a-mode-c.bin
[█████████████████████░░░░░░░░░]  68.7% (171.65 KB / 250.00 KB) | Speed: -- B/s
File: download: role-a-mode-c.bin
[█████████████████████░░░░░░░░░]  68.7% (171.77 KB / 250.00 KB) | Speed: -- B/s
File: download: role-a-mode-c.bin
[█████████████████████░░░░░░░░░]  68.8% (171.90 KB / 250.00 KB) | Speed: -- B/s
File: download: role-a-mode-c.bin
[█████████████████████░░░░░░░░░]  68.8% (172.02 KB / 250.00 KB) | Speed: -- B/s
File: download: role-a-mode-c.bin
[█████████████████████░░░░░░░░░]  68.9% (172.14 KB / 250.00 KB) | Speed: -- B/s
File: download: role-a-mode-c.bin
[█████████████████████░░░░░░░░░]  68.9% (172.27 KB / 250.00 KB) | Speed: -- B/s
File: download: role-a-mode-c.bin
[█████████████████████░░░░░░░░░]  69.0% (172.39 KB / 250.00 KB) | Speed: -- B/s
File: download: role-a-mode-c.bin
[█████████████████████░░░░░░░░░]  69.0% (172.52 KB / 250.00 KB) | Speed: -- B/s
File: download: role-a-mode-c.bin
[█████████████████████░░░░░░░░░]  69.1% (172.64 KB / 250.00 KB) | Speed: -- B/s
File: download: role-a-mode-c.bin
[█████████████████████░░░░░░░░░]  69.1% (172.76 KB / 250.00 KB) | Speed: -- B/s
File: download: role-a-mode-c.bin
[█████████████████████░░░░░░░░░]  69.2% (172.89 KB / 250.00 KB) | Speed: -- B/s
File: download: role-a-mode-c.bin
[█████████████████████░░░░░░░░░]  69.2% (173.01 KB / 250.00 KB) | Speed: -- B/s
File: download: role-a-mode-c.bin
[█████████████████████░░░░░░░░░]  69.3% (173.14 KB / 250.00 KB) | Speed: -- B/s
File: download: role-a-mode-c.bin
[█████████████████████░░░░░░░░░]  69.3% (173.26 KB / 250.00 KB) | Speed: -- B/s
File: download: role-a-mode-c.bin
[█████████████████████░░░░░░░░░]  69.4% (173.38 KB / 250.00 KB) | Speed: -- B/s
File: download: role-a-mode-c.bin
[█████████████████████░░░░░░░░░]  69.4% (173.51 KB / 250.00 KB) | Speed: -- B/s
File: download: role-a-mode-c.bin
[█████████████████████░░░░░░░░░]  69.5% (173.63 KB / 250.00 KB) | Speed: -- B/s
File: download: role-a-mode-c.bin
[█████████████████████░░░░░░░░░]  69.5% (173.76 KB / 250.00 KB) | Speed: -- B/s
File: download: role-a-mode-c.bin
[█████████████████████░░░░░░░░░]  69.6% (173.88 KB / 250.00 KB) | Speed: -- B/s
File: download: role-a-mode-c.bin
[█████████████████████░░░░░░░░░]  69.6% (174.00 KB / 250.00 KB) | Speed: -- B/s
File: download: role-a-mode-c.bin
[█████████████████████░░░░░░░░░]  69.7% (174.13 KB / 250.00 KB) | Speed: -- B/s
File: download: role-a-mode-c.bin
[█████████████████████░░░░░░░░░]  69.7% (174.25 KB / 250.00 KB) | Speed: -- B/s
File: download: role-a-mode-c.bin
[█████████████████████░░░░░░░░░]  69.8% (174.38 KB / 250.00 KB) | Speed: -- B/s
File: download: role-a-mode-c.bin
[█████████████████████░░░░░░░░░]  69.8% (174.50 KB / 250.00 KB) | Speed: -- B/s
File: download: role-a-mode-c.bin
[█████████████████████░░░░░░░░░]  69.8% (174.62 KB / 250.00 KB) | Speed: -- B/s
File: download: role-a-mode-c.bin
[█████████████████████░░░░░░░░░]  69.9% (174.75 KB / 250.00 KB) | Speed: -- B/s
File: download: role-a-mode-c.bin
[█████████████████████░░░░░░░░░]  69.9% (174.87 KB / 250.00 KB) | Speed: -- B/s
File: download: role-a-mode-c.bin
[█████████████████████░░░░░░░░░]  70.0% (175.00 KB / 250.00 KB) | Speed: -- B/s
File: download: role-a-mode-c.bin
[█████████████████████░░░░░░░░░]  70.0% (175.12 KB / 250.00 KB) | Speed: -- B/s
File: download: role-a-mode-c.bin
[█████████████████████░░░░░░░░░]  70.1% (175.25 KB / 250.00 KB) | Speed: -- B/s
File: download: role-a-mode-c.bin
[█████████████████████░░░░░░░░░]  70.1% (175.37 KB / 250.00 KB) | Speed: -- B/s
File: download: role-a-mode-c.bin
[█████████████████████░░░░░░░░░]  70.2% (175.49 KB / 250.00 KB) | Speed: -- B/s
File: download: role-a-mode-c.bin
[█████████████████████░░░░░░░░░]  70.2% (175.62 KB / 250.00 KB) | Speed: -- B/s
File: download: role-a-mode-c.bin
[█████████████████████░░░░░░░░░]  70.3% (175.74 KB / 250.00 KB) | Speed: -- B/s
File: download: role-a-mode-c.bin
[█████████████████████░░░░░░░░░]  70.3% (175.87 KB / 250.00 KB) | Speed: -- B/s
File: download: role-a-mode-c.bin
[█████████████████████░░░░░░░░░]  70.4% (175.99 KB / 250.00 KB) | Speed: -- B/s
File: download: role-a-mode-c.bin
[█████████████████████░░░░░░░░░]  70.4% (176.11 KB / 250.00 KB) | Speed: -- B/s
File: download: role-a-mode-c.bin
[█████████████████████░░░░░░░░░]  70.5% (176.24 KB / 250.00 KB) | Speed: -- B/s
File: download: role-a-mode-c.bin
[█████████████████████░░░░░░░░░]  70.5% (176.36 KB / 250.00 KB) | Speed: -- B/s
File: download: role-a-mode-c.bin
[█████████████████████░░░░░░░░░]  70.6% (176.49 KB / 250.00 KB) | Speed: -- B/s
File: download: role-a-mode-c.bin
[█████████████████████░░░░░░░░░]  70.6% (176.61 KB / 250.00 KB) | Speed: -- B/s
File: download: role-a-mode-c.bin
[█████████████████████░░░░░░░░░]  70.7% (176.73 KB / 250.00 KB) | Speed: -- B/s
File: download: role-a-mode-c.bin
[█████████████████████░░░░░░░░░]  70.7% (176.86 KB / 250.00 KB) | Speed: -- B/s
File: download: role-a-mode-c.bin
[█████████████████████░░░░░░░░░]  70.8% (176.98 KB / 250.00 KB) | Speed: -- B/s
File: download: role-a-mode-c.bin
[█████████████████████░░░░░░░░░]  70.8% (177.11 KB / 250.00 KB) | Speed: -- B/s
File: download: role-a-mode-c.bin
[█████████████████████░░░░░░░░░]  70.9% (177.23 KB / 250.00 KB) | Speed: -- B/s
File: download: role-a-mode-c.bin
[█████████████████████░░░░░░░░░]  70.9% (177.35 KB / 250.00 KB) | Speed: -- B/s
File: download: role-a-mode-c.bin
[█████████████████████░░░░░░░░░]  71.0% (177.48 KB / 250.00 KB) | Speed: -- B/s
File: download: role-a-mode-c.bin
[█████████████████████░░░░░░░░░]  71.0% (177.60 KB / 250.00 KB) | Speed: -- B/s
File: download: role-a-mode-c.bin
[█████████████████████░░░░░░░░░]  71.1% (177.73 KB / 250.00 KB) | Speed: -- B/s
File: download: role-a-mode-c.bin
[█████████████████████░░░░░░░░░]  71.1% (177.85 KB / 250.00 KB) | Speed: -- B/s
File: download: role-a-mode-c.bin
[█████████████████████░░░░░░░░░]  71.2% (177.97 KB / 250.00 KB) | Speed: -- B/s
File: download: role-a-mode-c.bin
[█████████████████████░░░░░░░░░]  71.2% (178.10 KB / 250.00 KB) | Speed: -- B/s
File: download: role-a-mode-c.bin
[█████████████████████░░░░░░░░░]  71.3% (178.22 KB / 250.00 KB) | Speed: -- B/s
File: download: role-a-mode-c.bin
[█████████████████████░░░░░░░░░]  71.3% (178.35 KB / 250.00 KB) | Speed: -- B/s
File: download: role-a-mode-c.bin
[█████████████████████░░░░░░░░░]  71.4% (178.47 KB / 250.00 KB) | Speed: -- B/s
File: download: role-a-mode-c.bin
[█████████████████████░░░░░░░░░]  71.4% (178.59 KB / 250.00 KB) | Speed: -- B/s
File: download: role-a-mode-c.bin
[█████████████████████░░░░░░░░░]  71.5% (178.72 KB / 250.00 KB) | Speed: -- B/s
File: download: role-a-mode-c.bin
[█████████████████████░░░░░░░░░]  71.5% (178.84 KB / 250.00 KB) | Speed: -- B/s
File: download: role-a-mode-c.bin
[█████████████████████░░░░░░░░░]  71.6% (178.97 KB / 250.00 KB) | Speed: -- B/s
File: download: role-a-mode-c.bin
[█████████████████████░░░░░░░░░]  71.6% (179.09 KB / 250.00 KB) | Speed: -- B/s
File: download: role-a-mode-c.bin
[██████████████████████░░░░░░░░]  71.7% (179.21 KB / 250.00 KB) | Speed: -- B/s
File: download: role-a-mode-c.bin
[██████████████████████░░░░░░░░]  71.7% (179.34 KB / 250.00 KB) | Speed: -- B/s
File: download: role-a-mode-c.bin
[██████████████████████░░░░░░░░]  71.8% (179.46 KB / 250.00 KB) | Speed: -- B/s
File: download: role-a-mode-c.bin
[██████████████████████░░░░░░░░]  71.8% (179.59 KB / 250.00 KB) | Speed: -- B/s
File: download: role-a-mode-c.bin
[██████████████████████░░░░░░░░]  71.9% (179.71 KB / 250.00 KB) | Speed: -- B/s
File: download: role-a-mode-c.bin
[██████████████████████░░░░░░░░]  71.9% (179.83 KB / 250.00 KB) | Speed: -- B/s
File: download: role-a-mode-c.bin
[██████████████████████░░░░░░░░]  72.0% (179.96 KB / 250.00 KB) | Speed: -- B/s
File: download: role-a-mode-c.bin
[██████████████████████░░░░░░░░]  72.0% (180.08 KB / 250.00 KB) | Speed: -- B/s
File: download: role-a-mode-c.bin
[██████████████████████░░░░░░░░]  72.1% (180.21 KB / 250.00 KB) | Speed: -- B/s
File: download: role-a-mode-c.bin
[██████████████████████░░░░░░░░]  72.1% (180.33 KB / 250.00 KB) | Speed: -- B/s
File: download: role-a-mode-c.bin
[██████████████████████░░░░░░░░]  72.2% (180.45 KB / 250.00 KB) | Speed: -- B/s
File: download: role-a-mode-c.bin
[██████████████████████░░░░░░░░]  72.2% (180.58 KB / 250.00 KB) | Speed: -- B/s
File: download: role-a-mode-c.bin
[██████████████████████░░░░░░░░]  72.3% (180.70 KB / 250.00 KB) | Speed: -- B/s
File: download: role-a-mode-c.bin
[██████████████████████░░░░░░░░]  72.3% (180.83 KB / 250.00 KB) | Speed: -- B/s
File: download: role-a-mode-c.bin
[██████████████████████░░░░░░░░]  72.4% (180.95 KB / 250.00 KB) | Speed: -- B/s
File: download: role-a-mode-c.bin
[██████████████████████░░░░░░░░]  72.4% (181.07 KB / 250.00 KB) | Speed: -- B/s
File: download: role-a-mode-c.bin
[██████████████████████░░░░░░░░]  72.5% (181.20 KB / 250.00 KB) | Speed: -- B/s
File: download: role-a-mode-c.bin
[██████████████████████░░░░░░░░]  72.5% (181.32 KB / 250.00 KB) | Speed: -- B/s
File: download: role-a-mode-c.bin
[██████████████████████░░░░░░░░]  72.6% (181.45 KB / 250.00 KB) | Speed: -- B/s
File: download: role-a-mode-c.bin
[██████████████████████░░░░░░░░]  72.6% (181.57 KB / 250.00 KB) | Speed: -- B/s
File: download: role-a-mode-c.bin
[██████████████████████░░░░░░░░]  72.7% (181.69 KB / 250.00 KB) | Speed: -- B/s
File: download: role-a-mode-c.bin
[██████████████████████░░░░░░░░]  72.7% (181.82 KB / 250.00 KB) | Speed: -- B/s
File: download: role-a-mode-c.bin
[██████████████████████░░░░░░░░]  72.8% (181.94 KB / 250.00 KB) | Speed: -- B/s
File: download: role-a-mode-c.bin
[██████████████████████░░░░░░░░]  72.8% (182.07 KB / 250.00 KB) | Speed: -- B/s
File: download: role-a-mode-c.bin
[██████████████████████░░░░░░░░]  72.9% (182.19 KB / 250.00 KB) | Speed: -- B/s
File: download: role-a-mode-c.bin
[██████████████████████░░░░░░░░]  72.9% (182.31 KB / 250.00 KB) | Speed: -- B/s
File: download: role-a-mode-c.bin
[██████████████████████░░░░░░░░]  73.0% (182.44 KB / 250.00 KB) | Speed: -- B/s
File: download: role-a-mode-c.bin
[██████████████████████░░░░░░░░]  73.0% (182.56 KB / 250.00 KB) | Speed: -- B/s
File: download: role-a-mode-c.bin
[██████████████████████░░░░░░░░]  73.1% (182.69 KB / 250.00 KB) | Speed: -- B/s
File: download: role-a-mode-c.bin
[██████████████████████░░░░░░░░]  73.1% (182.81 KB / 250.00 KB) | Speed: -- B/s
File: download: role-a-mode-c.bin
[██████████████████████░░░░░░░░]  73.2% (182.93 KB / 250.00 KB) | Speed: -- B/s
File: download: role-a-mode-c.bin
[██████████████████████░░░░░░░░]  73.2% (183.06 KB / 250.00 KB) | Speed: -- B/s
File: download: role-a-mode-c.bin
[██████████████████████░░░░░░░░]  73.3% (183.18 KB / 250.00 KB) | Speed: -- B/s
File: download: role-a-mode-c.bin
[██████████████████████░░░░░░░░]  73.3% (183.31 KB / 250.00 KB) | Speed: -- B/s
File: download: role-a-mode-c.bin
[██████████████████████░░░░░░░░]  73.4% (183.43 KB / 250.00 KB) | Speed: -- B/s
File: download: role-a-mode-c.bin
[██████████████████████░░░░░░░░]  73.4% (183.55 KB / 250.00 KB) | Speed: -- B/s
File: download: role-a-mode-c.bin
[██████████████████████░░░░░░░░]  73.5% (183.68 KB / 250.00 KB) | Speed: -- B/s
File: download: role-a-mode-c.bin
[██████████████████████░░░░░░░░]  73.5% (183.80 KB / 250.00 KB) | Speed: -- B/s
File: download: role-a-mode-c.bin
[██████████████████████░░░░░░░░]  73.6% (183.93 KB / 250.00 KB) | Speed: -- B/s
File: download: role-a-mode-c.bin
[██████████████████████░░░░░░░░]  73.6% (184.05 KB / 250.00 KB) | Speed: -- B/s
File: download: role-a-mode-c.bin
[██████████████████████░░░░░░░░]  73.7% (184.17 KB / 250.00 KB) | Speed: -- B/s
File: download: role-a-mode-c.bin
[██████████████████████░░░░░░░░]  73.7% (184.30 KB / 250.00 KB) | Speed: -- B/s
File: download: role-a-mode-c.bin
[██████████████████████░░░░░░░░]  73.8% (184.42 KB / 250.00 KB) | Speed: -- B/s
File: download: role-a-mode-c.bin
[██████████████████████░░░░░░░░]  73.8% (184.55 KB / 250.00 KB) | Speed: -- B/s
File: download: role-a-mode-c.bin
[██████████████████████░░░░░░░░]  73.9% (184.67 KB / 250.00 KB) | Speed: -- B/s
File: download: role-a-mode-c.bin
[██████████████████████░░░░░░░░]  73.9% (184.79 KB / 250.00 KB) | Speed: -- B/s
File: download: role-a-mode-c.bin
[██████████████████████░░░░░░░░]  74.0% (184.92 KB / 250.00 KB) | Speed: -- B/s
File: download: role-a-mode-c.bin
[██████████████████████░░░░░░░░]  74.0% (185.04 KB / 250.00 KB) | Speed: -- B/s
File: download: role-a-mode-c.bin
[██████████████████████░░░░░░░░]  74.1% (185.17 KB / 250.00 KB) | Speed: -- B/s
File: download: role-a-mode-c.bin
[██████████████████████░░░░░░░░]  74.1% (185.29 KB / 250.00 KB) | Speed: -- B/s
File: download: role-a-mode-c.bin
[██████████████████████░░░░░░░░]  74.2% (185.42 KB / 250.00 KB) | Speed: -- B/s
File: download: role-a-mode-c.bin
[██████████████████████░░░░░░░░]  74.2% (185.54 KB / 250.00 KB) | Speed: -- B/s
File: download: role-a-mode-c.bin
[██████████████████████░░░░░░░░]  74.3% (185.66 KB / 250.00 KB) | Speed: -- B/s
File: download: role-a-mode-c.bin
[██████████████████████░░░░░░░░]  74.3% (185.79 KB / 250.00 KB) | Speed: -- B/s
File: download: role-a-mode-c.bin
[██████████████████████░░░░░░░░]  74.4% (185.91 KB / 250.00 KB) | Speed: -- B/s
File: download: role-a-mode-c.bin
[██████████████████████░░░░░░░░]  74.4% (186.04 KB / 250.00 KB) | Speed: -- B/s
File: download: role-a-mode-c.bin
[██████████████████████░░░░░░░░]  74.5% (186.16 KB / 250.00 KB) | Speed: -- B/s
File: download: role-a-mode-c.bin
[██████████████████████░░░░░░░░]  74.5% (186.28 KB / 250.00 KB) | Speed: -- B/s
File: download: role-a-mode-c.bin
[██████████████████████░░░░░░░░]  74.6% (186.41 KB / 250.00 KB) | Speed: -- B/s
File: download: role-a-mode-c.bin
[██████████████████████░░░░░░░░]  74.6% (186.53 KB / 250.00 KB) | Speed: -- B/s
File: download: role-a-mode-c.bin
[██████████████████████░░░░░░░░]  74.7% (186.66 KB / 250.00 KB) | Speed: -- B/s
File: download: role-a-mode-c.bin
[██████████████████████░░░░░░░░]  74.7% (186.78 KB / 250.00 KB) | Speed: -- B/s
File: download: role-a-mode-c.bin
[██████████████████████░░░░░░░░]  74.8% (186.90 KB / 250.00 KB) | Speed: -- B/s
File: download: role-a-mode-c.bin
[██████████████████████░░░░░░░░]  74.8% (187.03 KB / 250.00 KB) | Speed: -- B/s
File: download: role-a-mode-c.bin
[██████████████████████░░░░░░░░]  74.9% (187.15 KB / 250.00 KB) | Speed: -- B/s
File: download: role-a-mode-c.bin
[██████████████████████░░░░░░░░]  74.9% (187.28 KB / 250.00 KB) | Speed: -- B/s
File: download: role-a-mode-c.bin
[██████████████████████░░░░░░░░]  75.0% (187.40 KB / 250.00 KB) | Speed: -- B/s
File: download: role-a-mode-c.bin
[███████████████████████░░░░░░░]  75.0% (187.52 KB / 250.00 KB) | Speed: -- B/s
File: download: role-a-mode-c.bin
[███████████████████████░░░░░░░]  75.1% (187.65 KB / 250.00 KB) | Speed: -- B/s
File: download: role-a-mode-c.bin
[███████████████████████░░░░░░░]  75.1% (187.77 KB / 250.00 KB) | Speed: -- B/s
File: download: role-a-mode-c.bin
[███████████████████████░░░░░░░]  75.2% (187.90 KB / 250.00 KB) | Speed: -- B/s
File: download: role-a-mode-c.bin
[███████████████████████░░░░░░░]  75.2% (188.02 KB / 250.00 KB) | Speed: -- B/s
File: download: role-a-mode-c.bin
[███████████████████████░░░░░░░]  75.3% (188.14 KB / 250.00 KB) | Speed: -- B/s
File: download: role-a-mode-c.bin
[███████████████████████░░░░░░░]  75.3% (188.27 KB / 250.00 KB) | Speed: -- B/s
File: download: role-a-mode-c.bin
[███████████████████████░░░░░░░]  75.4% (188.39 KB / 250.00 KB) | Speed: -- B/s
File: download: role-a-mode-c.bin
[███████████████████████░░░░░░░]  75.4% (188.52 KB / 250.00 KB) | Speed: -- B/s
File: download: role-a-mode-c.bin
[███████████████████████░░░░░░░]  75.5% (188.64 KB / 250.00 KB) | Speed: -- B/s
File: download: role-a-mode-c.bin
[███████████████████████░░░░░░░]  75.5% (188.76 KB / 250.00 KB) | Speed: -- B/s
File: download: role-a-mode-c.bin
[███████████████████████░░░░░░░]  75.6% (188.89 KB / 250.00 KB) | Speed: -- B/s
File: download: role-a-mode-c.bin
[███████████████████████░░░░░░░]  75.6% (189.01 KB / 250.00 KB) | Speed: -- B/s
File: download: role-a-mode-c.bin
[███████████████████████░░░░░░░]  75.7% (189.14 KB / 250.00 KB) | Speed: -- B/s
File: download: role-a-mode-c.bin
[███████████████████████░░░░░░░]  75.7% (189.26 KB / 250.00 KB) | Speed: -- B/s
File: download: role-a-mode-c.bin
[███████████████████████░░░░░░░]  75.8% (189.38 KB / 250.00 KB) | Speed: -- B/s
File: download: role-a-mode-c.bin
[███████████████████████░░░░░░░]  75.8% (189.51 KB / 250.00 KB) | Speed: -- B/s
File: download: role-a-mode-c.bin
[███████████████████████░░░░░░░]  75.9% (189.63 KB / 250.00 KB) | Speed: -- B/s
File: download: role-a-mode-c.bin
[███████████████████████░░░░░░░]  75.9% (189.76 KB / 250.00 KB) | Speed: -- B/s
File: download: role-a-mode-c.bin
[███████████████████████░░░░░░░]  76.0% (189.88 KB / 250.00 KB) | Speed: -- B/s
File: download: role-a-mode-c.bin
[███████████████████████░░░░░░░]  76.0% (190.00 KB / 250.00 KB) | Speed: -- B/s
File: download: role-a-mode-c.bin
[███████████████████████░░░░░░░]  76.1% (190.13 KB / 250.00 KB) | Speed: -- B/s
File: download: role-a-mode-c.bin
[███████████████████████░░░░░░░]  76.1% (190.25 KB / 250.00 KB) | Speed: -- B/s
File: download: role-a-mode-c.bin
[███████████████████████░░░░░░░]  76.2% (190.38 KB / 250.00 KB) | Speed: -- B/s
File: download: role-a-mode-c.bin
[███████████████████████░░░░░░░]  76.2% (190.50 KB / 250.00 KB) | Speed: -- B/s
File: download: role-a-mode-c.bin
[███████████████████████░░░░░░░]  76.2% (190.62 KB / 250.00 KB) | Speed: -- B/s
File: download: role-a-mode-c.bin
[███████████████████████░░░░░░░]  76.3% (190.75 KB / 250.00 KB) | Speed: -- B/s
File: download: role-a-mode-c.bin
[███████████████████████░░░░░░░]  76.3% (190.87 KB / 250.00 KB) | Speed: -- B/s
File: download: role-a-mode-c.bin
[███████████████████████░░░░░░░]  76.4% (191.00 KB / 250.00 KB) | Speed: -- B/s
File: download: role-a-mode-c.bin
[███████████████████████░░░░░░░]  76.4% (191.12 KB / 250.00 KB) | Speed: -- B/s
File: download: role-a-mode-c.bin
[███████████████████████░░░░░░░]  76.5% (191.24 KB / 250.00 KB) | Speed: -- B/s
File: download: role-a-mode-c.bin
[███████████████████████░░░░░░░]  76.5% (191.37 KB / 250.00 KB) | Speed: -- B/s
File: download: role-a-mode-c.bin
[███████████████████████░░░░░░░]  76.6% (191.49 KB / 250.00 KB) | Speed: -- B/s
File: download: role-a-mode-c.bin
[███████████████████████░░░░░░░]  76.6% (191.62 KB / 250.00 KB) | Speed: -- B/s
File: download: role-a-mode-c.bin
[███████████████████████░░░░░░░]  76.7% (191.74 KB / 250.00 KB) | Speed: -- B/s
File: download: role-a-mode-c.bin
[███████████████████████░░░░░░░]  76.7% (191.86 KB / 250.00 KB) | Speed: -- B/s
File: download: role-a-mode-c.bin
[███████████████████████░░░░░░░]  76.8% (191.99 KB / 250.00 KB) | Speed: -- B/s
File: download: role-a-mode-c.bin
[███████████████████████░░░░░░░]  76.8% (192.11 KB / 250.00 KB) | Speed: -- B/s
File: download: role-a-mode-c.bin
[███████████████████████░░░░░░░]  76.9% (192.24 KB / 250.00 KB) | Speed: -- B/s
File: download: role-a-mode-c.bin
[███████████████████████░░░░░░░]  76.9% (192.36 KB / 250.00 KB) | Speed: -- B/s
File: download: role-a-mode-c.bin
[███████████████████████░░░░░░░]  77.0% (192.48 KB / 250.00 KB) | Speed: -- B/s
File: download: role-a-mode-c.bin
[███████████████████████░░░░░░░]  77.0% (192.61 KB / 250.00 KB) | Speed: -- B/s
File: download: role-a-mode-c.bin
[███████████████████████░░░░░░░]  77.1% (192.73 KB / 250.00 KB) | Speed: -- B/s
File: download: role-a-mode-c.bin
[███████████████████████░░░░░░░]  77.1% (192.86 KB / 250.00 KB) | Speed: -- B/s
File: download: role-a-mode-c.bin
[███████████████████████░░░░░░░]  77.2% (192.98 KB / 250.00 KB) | Speed: -- B/s
File: download: role-a-mode-c.bin
[███████████████████████░░░░░░░]  77.2% (193.10 KB / 250.00 KB) | Speed: -- B/s
File: download: role-a-mode-c.bin
[███████████████████████░░░░░░░]  77.3% (193.23 KB / 250.00 KB) | Speed: -- B/s
File: download: role-a-mode-c.bin
[███████████████████████░░░░░░░]  77.3% (193.35 KB / 250.00 KB) | Speed: -- B/s
File: download: role-a-mode-c.bin
[███████████████████████░░░░░░░]  77.4% (193.48 KB / 250.00 KB) | Speed: -- B/s
File: download: role-a-mode-c.bin
[███████████████████████░░░░░░░]  77.4% (193.60 KB / 250.00 KB) | Speed: -- B/s
File: download: role-a-mode-c.bin
[███████████████████████░░░░░░░]  77.5% (193.72 KB / 250.00 KB) | Speed: -- B/s
File: download: role-a-mode-c.bin
[███████████████████████░░░░░░░]  77.5% (193.85 KB / 250.00 KB) | Speed: -- B/s
File: download: role-a-mode-c.bin
[███████████████████████░░░░░░░]  77.6% (193.97 KB / 250.00 KB) | Speed: -- B/s
File: download: role-a-mode-c.bin
[███████████████████████░░░░░░░]  77.6% (194.10 KB / 250.00 KB) | Speed: -- B/s
File: download: role-a-mode-c.bin
[███████████████████████░░░░░░░]  77.7% (194.22 KB / 250.00 KB) | Speed: -- B/s
File: download: role-a-mode-c.bin
[███████████████████████░░░░░░░]  77.7% (194.34 KB / 250.00 KB) | Speed: -- B/s
File: download: role-a-mode-c.bin
[███████████████████████░░░░░░░]  77.8% (194.47 KB / 250.00 KB) | Speed: -- B/s
File: download: role-a-mode-c.bin
[███████████████████████░░░░░░░]  77.8% (194.59 KB / 250.00 KB) | Speed: -- B/s
File: download: role-a-mode-c.bin
[███████████████████████░░░░░░░]  77.9% (194.72 KB / 250.00 KB) | Speed: -- B/s
File: download: role-a-mode-c.bin
[███████████████████████░░░░░░░]  77.9% (194.84 KB / 250.00 KB) | Speed: -- B/s
File: download: role-a-mode-c.bin
[███████████████████████░░░░░░░]  78.0% (194.96 KB / 250.00 KB) | Speed: -- B/s
File: download: role-a-mode-c.bin
[███████████████████████░░░░░░░]  78.0% (195.09 KB / 250.00 KB) | Speed: -- B/s
File: download: role-a-mode-c.bin
[███████████████████████░░░░░░░]  78.1% (195.21 KB / 250.00 KB) | Speed: -- B/s
File: download: role-a-mode-c.bin
[███████████████████████░░░░░░░]  78.1% (195.34 KB / 250.00 KB) | Speed: -- B/s
File: download: role-a-mode-c.bin
[███████████████████████░░░░░░░]  78.2% (195.46 KB / 250.00 KB) | Speed: -- B/s
File: download: role-a-mode-c.bin
[███████████████████████░░░░░░░]  78.2% (195.58 KB / 250.00 KB) | Speed: -- B/s
File: download: role-a-mode-c.bin
[███████████████████████░░░░░░░]  78.3% (195.71 KB / 250.00 KB) | Speed: -- B/s
File: download: role-a-mode-c.bin
[███████████████████████░░░░░░░]  78.3% (195.83 KB / 250.00 KB) | Speed: -- B/s
File: download: role-a-mode-c.bin
[████████████████████████░░░░░░]  78.4% (195.96 KB / 250.00 KB) | Speed: -- B/s
File: download: role-a-mode-c.bin
[████████████████████████░░░░░░]  78.4% (196.08 KB / 250.00 KB) | Speed: -- B/s
File: download: role-a-mode-c.bin
[████████████████████████░░░░░░]  78.5% (196.21 KB / 250.00 KB) | Speed: -- B/s
File: download: role-a-mode-c.bin
[████████████████████████░░░░░░]  78.5% (196.33 KB / 250.00 KB) | Speed: -- B/s
File: download: role-a-mode-c.bin
[████████████████████████░░░░░░]  78.6% (196.45 KB / 250.00 KB) | Speed: -- B/s
File: download: role-a-mode-c.bin
[████████████████████████░░░░░░]  78.6% (196.58 KB / 250.00 KB) | Speed: -- B/s
File: download: role-a-mode-c.bin
[████████████████████████░░░░░░]  78.7% (196.70 KB / 250.00 KB) | Speed: -- B/s
File: download: role-a-mode-c.bin
[████████████████████████░░░░░░]  78.7% (196.83 KB / 250.00 KB) | Speed: -- B/s
File: download: role-a-mode-c.bin
[████████████████████████░░░░░░]  78.8% (196.95 KB / 250.00 KB) | Speed: -- B/s
File: download: role-a-mode-c.bin
[████████████████████████░░░░░░]  78.8% (197.07 KB / 250.00 KB) | Speed: -- B/s
File: download: role-a-mode-c.bin
[████████████████████████░░░░░░]  78.9% (197.20 KB / 250.00 KB) | Speed: -- B/s
File: download: role-a-mode-c.bin
[████████████████████████░░░░░░]  78.9% (197.32 KB / 250.00 KB) | Speed: -- B/s
File: download: role-a-mode-c.bin
[████████████████████████░░░░░░]  79.0% (197.45 KB / 250.00 KB) | Speed: -- B/s
File: download: role-a-mode-c.bin
[████████████████████████░░░░░░]  79.0% (197.57 KB / 250.00 KB) | Speed: -- B/s
File: download: role-a-mode-c.bin
[████████████████████████░░░░░░]  79.1% (197.69 KB / 250.00 KB) | Speed: -- B/s
File: download: role-a-mode-c.bin
[████████████████████████░░░░░░]  79.1% (197.82 KB / 250.00 KB) | Speed: -- B/s
File: download: role-a-mode-c.bin
[████████████████████████░░░░░░]  79.2% (197.94 KB / 250.00 KB) | Speed: -- B/s
File: download: role-a-mode-c.bin
[████████████████████████░░░░░░]  79.2% (198.07 KB / 250.00 KB) | Speed: -- B/s
File: download: role-a-mode-c.bin
[████████████████████████░░░░░░]  79.3% (198.19 KB / 250.00 KB) | Speed: -- B/s
File: download: role-a-mode-c.bin
[████████████████████████░░░░░░]  79.3% (198.31 KB / 250.00 KB) | Speed: -- B/s
File: download: role-a-mode-c.bin
[████████████████████████░░░░░░]  79.4% (198.44 KB / 250.00 KB) | Speed: -- B/s
File: download: role-a-mode-c.bin
[████████████████████████░░░░░░]  79.4% (198.56 KB / 250.00 KB) | Speed: -- B/s
File: download: role-a-mode-c.bin
[████████████████████████░░░░░░]  79.5% (198.69 KB / 250.00 KB) | Speed: -- B/s
File: download: role-a-mode-c.bin
[████████████████████████░░░░░░]  79.5% (198.81 KB / 250.00 KB) | Speed: -- B/s
File: download: role-a-mode-c.bin
[████████████████████████░░░░░░]  79.6% (198.93 KB / 250.00 KB) | Speed: -- B/s
File: download: role-a-mode-c.bin
[████████████████████████░░░░░░]  79.6% (199.06 KB / 250.00 KB) | Speed: -- B/s
File: download: role-a-mode-c.bin
[████████████████████████░░░░░░]  79.7% (199.18 KB / 250.00 KB) | Speed: -- B/s
File: download: role-a-mode-c.bin
[████████████████████████░░░░░░]  79.7% (199.31 KB / 250.00 KB) | Speed: -- B/s
File: download: role-a-mode-c.bin
[████████████████████████░░░░░░]  79.8% (199.43 KB / 250.00 KB) | Speed: -- B/s
File: download: role-a-mode-c.bin
[████████████████████████░░░░░░]  79.8% (199.55 KB / 250.00 KB) | Speed: -- B/s
File: download: role-a-mode-c.bin
[████████████████████████░░░░░░]  79.9% (199.68 KB / 250.00 KB) | Speed: -- B/s
File: download: role-a-mode-c.bin
[████████████████████████░░░░░░]  79.9% (199.80 KB / 250.00 KB) | Speed: -- B/s
File: download: role-a-mode-c.bin
[████████████████████████░░░░░░]  80.0% (199.93 KB / 250.00 KB) | Speed: -- B/s
File: download: role-a-mode-c.bin
[████████████████████████░░░░░░]  80.0% (200.05 KB / 250.00 KB) | Speed: -- B/s
File: download: role-a-mode-c.bin
[████████████████████████░░░░░░]  80.1% (200.17 KB / 250.00 KB) | Speed: -- B/s
File: download: role-a-mode-c.bin
[████████████████████████░░░░░░]  80.1% (200.30 KB / 250.00 KB) | Speed: -- B/s
File: download: role-a-mode-c.bin
[████████████████████████░░░░░░]  80.2% (200.42 KB / 250.00 KB) | Speed: -- B/s
File: download: role-a-mode-c.bin
[████████████████████████░░░░░░]  80.2% (200.55 KB / 250.00 KB) | Speed: -- B/s
File: download: role-a-mode-c.bin
[████████████████████████░░░░░░]  80.3% (200.67 KB / 250.00 KB) | Speed: -- B/s
File: download: role-a-mode-c.bin
[████████████████████████░░░░░░]  80.3% (200.79 KB / 250.00 KB) | Speed: -- B/s
File: download: role-a-mode-c.bin
[████████████████████████░░░░░░]  80.4% (200.92 KB / 250.00 KB) | Speed: -- B/s
File: download: role-a-mode-c.bin
[████████████████████████░░░░░░]  80.4% (201.04 KB / 250.00 KB) | Speed: -- B/s
File: download: role-a-mode-c.bin
[████████████████████████░░░░░░]  80.5% (201.17 KB / 250.00 KB) | Speed: -- B/s
File: download: role-a-mode-c.bin
[████████████████████████░░░░░░]  80.5% (201.29 KB / 250.00 KB) | Speed: -- B/s
File: download: role-a-mode-c.bin
[████████████████████████░░░░░░]  80.6% (201.41 KB / 250.00 KB) | Speed: -- B/s
File: download: role-a-mode-c.bin
[████████████████████████░░░░░░]  80.6% (201.54 KB / 250.00 KB) | Speed: -- B/s
File: download: role-a-mode-c.bin
[████████████████████████░░░░░░]  80.7% (201.66 KB / 250.00 KB) | Speed: -- B/s
File: download: role-a-mode-c.bin
[████████████████████████░░░░░░]  80.7% (201.79 KB / 250.00 KB) | Speed: -- B/s
File: download: role-a-mode-c.bin
[████████████████████████░░░░░░]  80.8% (201.91 KB / 250.00 KB) | Speed: -- B/s
File: download: role-a-mode-c.bin
[████████████████████████░░░░░░]  80.8% (202.03 KB / 250.00 KB) | Speed: -- B/s
File: download: role-a-mode-c.bin
[████████████████████████░░░░░░]  80.9% (202.16 KB / 250.00 KB) | Speed: -- B/s
File: download: role-a-mode-c.bin
[████████████████████████░░░░░░]  80.9% (202.28 KB / 250.00 KB) | Speed: -- B/s
File: download: role-a-mode-c.bin
[████████████████████████░░░░░░]  81.0% (202.41 KB / 250.00 KB) | Speed: -- B/s
File: download: role-a-mode-c.bin
[████████████████████████░░░░░░]  81.0% (202.53 KB / 250.00 KB) | Speed: -- B/s
File: download: role-a-mode-c.bin
[████████████████████████░░░░░░]  81.1% (202.65 KB / 250.00 KB) | Speed: -- B/s
File: download: role-a-mode-c.bin
[████████████████████████░░░░░░]  81.1% (202.78 KB / 250.00 KB) | Speed: -- B/s
File: download: role-a-mode-c.bin
[████████████████████████░░░░░░]  81.2% (202.90 KB / 250.00 KB) | Speed: -- B/s
File: download: role-a-mode-c.bin
[████████████████████████░░░░░░]  81.2% (203.03 KB / 250.00 KB) | Speed: -- B/s
File: download: role-a-mode-c.bin
[████████████████████████░░░░░░]  81.3% (203.15 KB / 250.00 KB) | Speed: -- B/s
File: download: role-a-mode-c.bin
[████████████████████████░░░░░░]  81.3% (203.27 KB / 250.00 KB) | Speed: -- B/s
File: download: role-a-mode-c.bin
[████████████████████████░░░░░░]  81.4% (203.40 KB / 250.00 KB) | Speed: -- B/s
File: download: role-a-mode-c.bin
[████████████████████████░░░░░░]  81.4% (203.52 KB / 250.00 KB) | Speed: -- B/s
File: download: role-a-mode-c.bin
[████████████████████████░░░░░░]  81.5% (203.65 KB / 250.00 KB) | Speed: -- B/s
File: download: role-a-mode-c.bin
[████████████████████████░░░░░░]  81.5% (203.77 KB / 250.00 KB) | Speed: -- B/s
File: download: role-a-mode-c.bin
[████████████████████████░░░░░░]  81.6% (203.89 KB / 250.00 KB) | Speed: -- B/s
File: download: role-a-mode-c.bin
[████████████████████████░░░░░░]  81.6% (204.02 KB / 250.00 KB) | Speed: -- B/s
File: download: role-a-mode-c.bin
[████████████████████████░░░░░░]  81.7% (204.14 KB / 250.00 KB) | Speed: -- B/s
File: download: role-a-mode-c.bin
[█████████████████████████░░░░░]  81.7% (204.27 KB / 250.00 KB) | Speed: -- B/s
File: download: role-a-mode-c.bin
[█████████████████████████░░░░░]  81.8% (204.39 KB / 250.00 KB) | Speed: -- B/s
File: download: role-a-mode-c.bin
[█████████████████████████░░░░░]  81.8% (204.51 KB / 250.00 KB) | Speed: -- B/s
File: download: role-a-mode-c.bin
[█████████████████████████░░░░░]  81.9% (204.64 KB / 250.00 KB) | Speed: -- B/s
File: download: role-a-mode-c.bin
[█████████████████████████░░░░░]  81.9% (204.76 KB / 250.00 KB) | Speed: -- B/s
File: download: role-a-mode-c.bin
[█████████████████████████░░░░░]  82.0% (204.89 KB / 250.00 KB) | Speed: -- B/s
File: download: role-a-mode-c.bin
[█████████████████████████░░░░░]  82.0% (205.01 KB / 250.00 KB) | Speed: -- B/s
File: download: role-a-mode-c.bin
[█████████████████████████░░░░░]  82.1% (205.13 KB / 250.00 KB) | Speed: -- B/s
File: download: role-a-mode-c.bin
[█████████████████████████░░░░░]  82.1% (205.26 KB / 250.00 KB) | Speed: -- B/s
File: download: role-a-mode-c.bin
[█████████████████████████░░░░░]  82.2% (205.38 KB / 250.00 KB) | Speed: -- B/s
File: download: role-a-mode-c.bin
[█████████████████████████░░░░░]  82.2% (205.51 KB / 250.00 KB) | Speed: -- B/s
File: download: role-a-mode-c.bin
[█████████████████████████░░░░░]  82.3% (205.63 KB / 250.00 KB) | Speed: -- B/s
File: download: role-a-mode-c.bin
[█████████████████████████░░░░░]  82.3% (205.75 KB / 250.00 KB) | Speed: -- B/s
File: download: role-a-mode-c.bin
[█████████████████████████░░░░░]  82.4% (205.88 KB / 250.00 KB) | Speed: -- B/s
File: download: role-a-mode-c.bin
[█████████████████████████░░░░░]  82.4% (206.00 KB / 250.00 KB) | Speed: -- B/s
File: download: role-a-mode-c.bin
[█████████████████████████░░░░░]  82.5% (206.13 KB / 250.00 KB) | Speed: -- B/s
File: download: role-a-mode-c.bin
[█████████████████████████░░░░░]  82.5% (206.25 KB / 250.00 KB) | Speed: -- B/s
File: download: role-a-mode-c.bin
[█████████████████████████░░░░░]  82.5% (206.38 KB / 250.00 KB) | Speed: -- B/s
File: download: role-a-mode-c.bin
[█████████████████████████░░░░░]  82.6% (206.50 KB / 250.00 KB) | Speed: -- B/s
File: download: role-a-mode-c.bin
[█████████████████████████░░░░░]  82.6% (206.62 KB / 250.00 KB) | Speed: -- B/s
File: download: role-a-mode-c.bin
[█████████████████████████░░░░░]  82.7% (206.75 KB / 250.00 KB) | Speed: -- B/s
File: download: role-a-mode-c.bin
[█████████████████████████░░░░░]  82.7% (206.87 KB / 250.00 KB) | Speed: -- B/s
File: download: role-a-mode-c.bin
[█████████████████████████░░░░░]  82.8% (207.00 KB / 250.00 KB) | Speed: -- B/s
File: download: role-a-mode-c.bin
[█████████████████████████░░░░░]  82.8% (207.12 KB / 250.00 KB) | Speed: -- B/s
File: download: role-a-mode-c.bin
[█████████████████████████░░░░░]  82.9% (207.24 KB / 250.00 KB) | Speed: -- B/s
File: download: role-a-mode-c.bin
[█████████████████████████░░░░░]  82.9% (207.37 KB / 250.00 KB) | Speed: -- B/s
File: download: role-a-mode-c.bin
[█████████████████████████░░░░░]  83.0% (207.49 KB / 250.00 KB) | Speed: -- B/s
File: download: role-a-mode-c.bin
[█████████████████████████░░░░░]  83.0% (207.62 KB / 250.00 KB) | Speed: -- B/s
File: download: role-a-mode-c.bin
[█████████████████████████░░░░░]  83.1% (207.74 KB / 250.00 KB) | Speed: -- B/s
File: download: role-a-mode-c.bin
[█████████████████████████░░░░░]  83.1% (207.86 KB / 250.00 KB) | Speed: -- B/s
File: download: role-a-mode-c.bin
[█████████████████████████░░░░░]  83.2% (207.99 KB / 250.00 KB) | Speed: -- B/s
File: download: role-a-mode-c.bin
[█████████████████████████░░░░░]  83.2% (208.11 KB / 250.00 KB) | Speed: -- B/s
File: download: role-a-mode-c.bin
[█████████████████████████░░░░░]  83.3% (208.24 KB / 250.00 KB) | Speed: -- B/s
File: download: role-a-mode-c.bin
[█████████████████████████░░░░░]  83.3% (208.36 KB / 250.00 KB) | Speed: -- B/s
File: download: role-a-mode-c.bin
[█████████████████████████░░░░░]  83.4% (208.48 KB / 250.00 KB) | Speed: -- B/s
File: download: role-a-mode-c.bin
[█████████████████████████░░░░░]  83.4% (208.61 KB / 250.00 KB) | Speed: -- B/s
File: download: role-a-mode-c.bin
[█████████████████████████░░░░░]  83.5% (208.73 KB / 250.00 KB) | Speed: -- B/s
File: download: role-a-mode-c.bin
[█████████████████████████░░░░░]  83.5% (208.86 KB / 250.00 KB) | Speed: -- B/s
File: download: role-a-mode-c.bin
[█████████████████████████░░░░░]  83.6% (208.98 KB / 250.00 KB) | Speed: -- B/s
File: download: role-a-mode-c.bin
[█████████████████████████░░░░░]  83.6% (209.10 KB / 250.00 KB) | Speed: -- B/s
File: download: role-a-mode-c.bin
[█████████████████████████░░░░░]  83.7% (209.23 KB / 250.00 KB) | Speed: -- B/s
File: download: role-a-mode-c.bin
[█████████████████████████░░░░░]  83.7% (209.35 KB / 250.00 KB) | Speed: -- B/s
File: download: role-a-mode-c.bin
[█████████████████████████░░░░░]  83.8% (209.48 KB / 250.00 KB) | Speed: -- B/s
File: download: role-a-mode-c.bin
[█████████████████████████░░░░░]  83.8% (209.60 KB / 250.00 KB) | Speed: -- B/s
File: download: role-a-mode-c.bin
[█████████████████████████░░░░░]  83.9% (209.72 KB / 250.00 KB) | Speed: -- B/s
File: download: role-a-mode-c.bin
[█████████████████████████░░░░░]  83.9% (209.85 KB / 250.00 KB) | Speed: -- B/s
File: download: role-a-mode-c.bin
[█████████████████████████░░░░░]  84.0% (209.97 KB / 250.00 KB) | Speed: -- B/s
File: download: role-a-mode-c.bin
[█████████████████████████░░░░░]  84.0% (210.10 KB / 250.00 KB) | Speed: -- B/s
File: download: role-a-mode-c.bin
[█████████████████████████░░░░░]  84.1% (210.22 KB / 250.00 KB) | Speed: -- B/s
File: download: role-a-mode-c.bin
[█████████████████████████░░░░░]  84.1% (210.34 KB / 250.00 KB) | Speed: -- B/s
File: download: role-a-mode-c.bin
[█████████████████████████░░░░░]  84.2% (210.47 KB / 250.00 KB) | Speed: -- B/s
File: download: role-a-mode-c.bin
[█████████████████████████░░░░░]  84.2% (210.59 KB / 250.00 KB) | Speed: -- B/s
File: download: role-a-mode-c.bin
[█████████████████████████░░░░░]  84.3% (210.72 KB / 250.00 KB) | Speed: -- B/s
File: download: role-a-mode-c.bin
[█████████████████████████░░░░░]  84.3% (210.84 KB / 250.00 KB) | Speed: -- B/s
File: download: role-a-mode-c.bin
[█████████████████████████░░░░░]  84.4% (210.96 KB / 250.00 KB) | Speed: -- B/s
File: download: role-a-mode-c.bin
[█████████████████████████░░░░░]  84.4% (211.09 KB / 250.00 KB) | Speed: -- B/s
File: download: role-a-mode-c.bin
[█████████████████████████░░░░░]  84.5% (211.21 KB / 250.00 KB) | Speed: -- B/s
File: download: role-a-mode-c.bin
[█████████████████████████░░░░░]  84.5% (211.34 KB / 250.00 KB) | Speed: -- B/s
File: download: role-a-mode-c.bin
[█████████████████████████░░░░░]  84.6% (211.46 KB / 250.00 KB) | Speed: -- B/s
File: download: role-a-mode-c.bin
[█████████████████████████░░░░░]  84.6% (211.58 KB / 250.00 KB) | Speed: -- B/s
File: download: role-a-mode-c.bin
[█████████████████████████░░░░░]  84.7% (211.71 KB / 250.00 KB) | Speed: -- B/s
File: download: role-a-mode-c.bin
[█████████████████████████░░░░░]  84.7% (211.83 KB / 250.00 KB) | Speed: -- B/s
File: download: role-a-mode-c.bin
[█████████████████████████░░░░░]  84.8% (211.96 KB / 250.00 KB) | Speed: -- B/s
File: download: role-a-mode-c.bin
[█████████████████████████░░░░░]  84.8% (212.08 KB / 250.00 KB) | Speed: -- B/s
File: download: role-a-mode-c.bin
[█████████████████████████░░░░░]  84.9% (212.20 KB / 250.00 KB) | Speed: -- B/s
File: download: role-a-mode-c.bin
[█████████████████████████░░░░░]  84.9% (212.33 KB / 250.00 KB) | Speed: -- B/s
File: download: role-a-mode-c.bin
[█████████████████████████░░░░░]  85.0% (212.45 KB / 250.00 KB) | Speed: -- B/s
File: download: role-a-mode-c.bin
[██████████████████████████░░░░]  85.0% (212.58 KB / 250.00 KB) | Speed: -- B/s
File: download: role-a-mode-c.bin
[██████████████████████████░░░░]  85.1% (212.70 KB / 250.00 KB) | Speed: -- B/s
File: download: role-a-mode-c.bin
[██████████████████████████░░░░]  85.1% (212.82 KB / 250.00 KB) | Speed: -- B/s
File: download: role-a-mode-c.bin
[██████████████████████████░░░░]  85.2% (212.95 KB / 250.00 KB) | Speed: -- B/s
File: download: role-a-mode-c.bin
[██████████████████████████░░░░]  85.2% (213.07 KB / 250.00 KB) | Speed: -- B/s
File: download: role-a-mode-c.bin
[██████████████████████████░░░░]  85.3% (213.20 KB / 250.00 KB) | Speed: -- B/s
File: download: role-a-mode-c.bin
[██████████████████████████░░░░]  85.3% (213.32 KB / 250.00 KB) | Speed: -- B/s
File: download: role-a-mode-c.bin
[██████████████████████████░░░░]  85.4% (213.44 KB / 250.00 KB) | Speed: -- B/s
File: download: role-a-mode-c.bin
[██████████████████████████░░░░]  85.4% (213.57 KB / 250.00 KB) | Speed: -- B/s
File: download: role-a-mode-c.bin
[██████████████████████████░░░░]  85.5% (213.69 KB / 250.00 KB) | Speed: -- B/s
File: download: role-a-mode-c.bin
[██████████████████████████░░░░]  85.5% (213.82 KB / 250.00 KB) | Speed: -- B/s
File: download: role-a-mode-c.bin
[██████████████████████████░░░░]  85.6% (213.94 KB / 250.00 KB) | Speed: -- B/s
File: download: role-a-mode-c.bin
[██████████████████████████░░░░]  85.6% (214.06 KB / 250.00 KB) | Speed: -- B/s
File: download: role-a-mode-c.bin
[██████████████████████████░░░░]  85.7% (214.19 KB / 250.00 KB) | Speed: -- B/s
File: download: role-a-mode-c.bin
[██████████████████████████░░░░]  85.7% (214.31 KB / 250.00 KB) | Speed: -- B/s
File: download: role-a-mode-c.bin
[██████████████████████████░░░░]  85.8% (214.44 KB / 250.00 KB) | Speed: -- B/s
File: download: role-a-mode-c.bin
[██████████████████████████░░░░]  85.8% (214.56 KB / 250.00 KB) | Speed: -- B/s
File: download: role-a-mode-c.bin
[██████████████████████████░░░░]  85.9% (214.68 KB / 250.00 KB) | Speed: -- B/s
File: download: role-a-mode-c.bin
[██████████████████████████░░░░]  85.9% (214.81 KB / 250.00 KB) | Speed: -- B/s
File: download: role-a-mode-c.bin
[██████████████████████████░░░░]  86.0% (214.93 KB / 250.00 KB) | Speed: -- B/s
File: download: role-a-mode-c.bin
[██████████████████████████░░░░]  86.0% (215.06 KB / 250.00 KB) | Speed: -- B/s
File: download: role-a-mode-c.bin
[██████████████████████████░░░░]  86.1% (215.18 KB / 250.00 KB) | Speed: -- B/s
File: download: role-a-mode-c.bin
[██████████████████████████░░░░]  86.1% (215.30 KB / 250.00 KB) | Speed: -- B/s
File: download: role-a-mode-c.bin
[██████████████████████████░░░░]  86.2% (215.43 KB / 250.00 KB) | Speed: -- B/s
File: download: role-a-mode-c.bin
[██████████████████████████░░░░]  86.2% (215.55 KB / 250.00 KB) | Speed: -- B/s
File: download: role-a-mode-c.bin
[██████████████████████████░░░░]  86.3% (215.68 KB / 250.00 KB) | Speed: -- B/s
File: download: role-a-mode-c.bin
[██████████████████████████░░░░]  86.3% (215.80 KB / 250.00 KB) | Speed: -- B/s
File: download: role-a-mode-c.bin
[██████████████████████████░░░░]  86.4% (215.92 KB / 250.00 KB) | Speed: -- B/s
File: download: role-a-mode-c.bin
[██████████████████████████░░░░]  86.4% (216.05 KB / 250.00 KB) | Speed: -- B/s
File: download: role-a-mode-c.bin
[██████████████████████████░░░░]  86.5% (216.17 KB / 250.00 KB) | Speed: -- B/s
File: download: role-a-mode-c.bin
[██████████████████████████░░░░]  86.5% (216.30 KB / 250.00 KB) | Speed: -- B/s
File: download: role-a-mode-c.bin
[██████████████████████████░░░░]  86.6% (216.42 KB / 250.00 KB) | Speed: -- B/s
File: download: role-a-mode-c.bin
[██████████████████████████░░░░]  86.6% (216.54 KB / 250.00 KB) | Speed: -- B/s
File: download: role-a-mode-c.bin
[██████████████████████████░░░░]  86.7% (216.67 KB / 250.00 KB) | Speed: -- B/s
File: download: role-a-mode-c.bin
[██████████████████████████░░░░]  86.7% (216.79 KB / 250.00 KB) | Speed: -- B/s
File: download: role-a-mode-c.bin
[██████████████████████████░░░░]  86.8% (216.92 KB / 250.00 KB) | Speed: -- B/s
File: download: role-a-mode-c.bin
[██████████████████████████░░░░]  86.8% (217.04 KB / 250.00 KB) | Speed: -- B/s
File: download: role-a-mode-c.bin
[██████████████████████████░░░░]  86.9% (217.17 KB / 250.00 KB) | Speed: -- B/s
File: download: role-a-mode-c.bin
[██████████████████████████░░░░]  86.9% (217.29 KB / 250.00 KB) | Speed: -- B/s
File: download: role-a-mode-c.bin
[██████████████████████████░░░░]  87.0% (217.41 KB / 250.00 KB) | Speed: -- B/s
File: download: role-a-mode-c.bin
[██████████████████████████░░░░]  87.0% (217.54 KB / 250.00 KB) | Speed: -- B/s
File: download: role-a-mode-c.bin
[██████████████████████████░░░░]  87.1% (217.66 KB / 250.00 KB) | Speed: -- B/s
File: download: role-a-mode-c.bin
[██████████████████████████░░░░]  87.1% (217.79 KB / 250.00 KB) | Speed: -- B/s
File: download: role-a-mode-c.bin
[██████████████████████████░░░░]  87.2% (217.91 KB / 250.00 KB) | Speed: -- B/s
File: download: role-a-mode-c.bin
[██████████████████████████░░░░]  87.2% (218.03 KB / 250.00 KB) | Speed: -- B/s
File: download: role-a-mode-c.bin
[██████████████████████████░░░░]  87.3% (218.16 KB / 250.00 KB) | Speed: -- B/s
File: download: role-a-mode-c.bin
[██████████████████████████░░░░]  87.3% (218.28 KB / 250.00 KB) | Speed: -- B/s
File: download: role-a-mode-c.bin
[██████████████████████████░░░░]  87.4% (218.41 KB / 250.00 KB) | Speed: -- B/s
File: download: role-a-mode-c.bin
[██████████████████████████░░░░]  87.4% (218.53 KB / 250.00 KB) | Speed: -- B/s
File: download: role-a-mode-c.bin
[██████████████████████████░░░░]  87.5% (218.65 KB / 250.00 KB) | Speed: -- B/s
File: download: role-a-mode-c.bin
[██████████████████████████░░░░]  87.5% (218.78 KB / 250.00 KB) | Speed: -- B/s
File: download: role-a-mode-c.bin
[██████████████████████████░░░░]  87.6% (218.90 KB / 250.00 KB) | Speed: -- B/s
File: download: role-a-mode-c.bin
[██████████████████████████░░░░]  87.6% (219.03 KB / 250.00 KB) | Speed: -- B/s
File: download: role-a-mode-c.bin
[██████████████████████████░░░░]  87.7% (219.15 KB / 250.00 KB) | Speed: -- B/s
File: download: role-a-mode-c.bin
[██████████████████████████░░░░]  87.7% (219.27 KB / 250.00 KB) | Speed: -- B/s
File: download: role-a-mode-c.bin
[██████████████████████████░░░░]  87.8% (219.40 KB / 250.00 KB) | Speed: -- B/s
File: download: role-a-mode-c.bin
[██████████████████████████░░░░]  87.8% (219.52 KB / 250.00 KB) | Speed: -- B/s
File: download: role-a-mode-c.bin
[██████████████████████████░░░░]  87.9% (219.65 KB / 250.00 KB) | Speed: -- B/s
File: download: role-a-mode-c.bin
[██████████████████████████░░░░]  87.9% (219.77 KB / 250.00 KB) | Speed: -- B/s
File: download: role-a-mode-c.bin
[██████████████████████████░░░░]  88.0% (219.89 KB / 250.00 KB) | Speed: -- B/s
File: download: role-a-mode-c.bin
[██████████████████████████░░░░]  88.0% (220.02 KB / 250.00 KB) | Speed: -- B/s
File: download: role-a-mode-c.bin
[██████████████████████████░░░░]  88.1% (220.14 KB / 250.00 KB) | Speed: -- B/s
File: download: role-a-mode-c.bin
[██████████████████████████░░░░]  88.1% (220.27 KB / 250.00 KB) | Speed: -- B/s
File: download: role-a-mode-c.bin
[██████████████████████████░░░░]  88.2% (220.39 KB / 250.00 KB) | Speed: -- B/s
File: download: role-a-mode-c.bin
[██████████████████████████░░░░]  88.2% (220.51 KB / 250.00 KB) | Speed: -- B/s
File: download: role-a-mode-c.bin
[██████████████████████████░░░░]  88.3% (220.64 KB / 250.00 KB) | Speed: -- B/s
File: download: role-a-mode-c.bin
[██████████████████████████░░░░]  88.3% (220.76 KB / 250.00 KB) | Speed: -- B/s
File: download: role-a-mode-c.bin
[███████████████████████████░░░]  88.4% (220.89 KB / 250.00 KB) | Speed: -- B/s
File: download: role-a-mode-c.bin
[███████████████████████████░░░]  88.4% (221.01 KB / 250.00 KB) | Speed: -- B/s
File: download: role-a-mode-c.bin
[███████████████████████████░░░]  88.5% (221.13 KB / 250.00 KB) | Speed: -- B/s
File: download: role-a-mode-c.bin
[███████████████████████████░░░]  88.5% (221.26 KB / 250.00 KB) | Speed: -- B/s
File: download: role-a-mode-c.bin
[███████████████████████████░░░]  88.6% (221.38 KB / 250.00 KB) | Speed: -- B/s
File: download: role-a-mode-c.bin
[███████████████████████████░░░]  88.6% (221.51 KB / 250.00 KB) | Speed: -- B/s
File: download: role-a-mode-c.bin
[███████████████████████████░░░]  88.7% (221.63 KB / 250.00 KB) | Speed: -- B/s
File: download: role-a-mode-c.bin
[███████████████████████████░░░]  88.7% (221.75 KB / 250.00 KB) | Speed: -- B/s
File: download: role-a-mode-c.bin
[███████████████████████████░░░]  88.8% (221.88 KB / 250.00 KB) | Speed: -- B/s
File: download: role-a-mode-c.bin
[███████████████████████████░░░]  88.8% (222.00 KB / 250.00 KB) | Speed: -- B/s
File: download: role-a-mode-c.bin
[███████████████████████████░░░]  88.9% (222.13 KB / 250.00 KB) | Speed: -- B/s
File: download: role-a-mode-c.bin
[███████████████████████████░░░]  88.9% (222.25 KB / 250.00 KB) | Speed: -- B/s
File: download: role-a-mode-c.bin
[███████████████████████████░░░]  88.9% (222.37 KB / 250.00 KB) | Speed: -- B/s
File: download: role-a-mode-c.bin
[███████████████████████████░░░]  89.0% (222.50 KB / 250.00 KB) | Speed: -- B/s
File: download: role-a-mode-c.bin
[███████████████████████████░░░]  89.0% (222.62 KB / 250.00 KB) | Speed: -- B/s
File: download: role-a-mode-c.bin
[███████████████████████████░░░]  89.1% (222.75 KB / 250.00 KB) | Speed: -- B/s
File: download: role-a-mode-c.bin
[███████████████████████████░░░]  89.1% (222.87 KB / 250.00 KB) | Speed: -- B/s
File: download: role-a-mode-c.bin
[███████████████████████████░░░]  89.2% (222.99 KB / 250.00 KB) | Speed: -- B/s
File: download: role-a-mode-c.bin
[███████████████████████████░░░]  89.2% (223.12 KB / 250.00 KB) | Speed: -- B/s
File: download: role-a-mode-c.bin
[███████████████████████████░░░]  89.3% (223.24 KB / 250.00 KB) | Speed: -- B/s
File: download: role-a-mode-c.bin
[███████████████████████████░░░]  89.3% (223.37 KB / 250.00 KB) | Speed: -- B/s
File: download: role-a-mode-c.bin
[███████████████████████████░░░]  89.4% (223.49 KB / 250.00 KB) | Speed: -- B/s
File: download: role-a-mode-c.bin
[███████████████████████████░░░]  89.4% (223.61 KB / 250.00 KB) | Speed: -- B/s
File: download: role-a-mode-c.bin
[███████████████████████████░░░]  89.5% (223.74 KB / 250.00 KB) | Speed: -- B/s
File: download: role-a-mode-c.bin
[███████████████████████████░░░]  89.5% (223.86 KB / 250.00 KB) | Speed: -- B/s
File: download: role-a-mode-c.bin
[███████████████████████████░░░]  89.6% (223.99 KB / 250.00 KB) | Speed: -- B/s
File: download: role-a-mode-c.bin
[███████████████████████████░░░]  89.6% (224.11 KB / 250.00 KB) | Speed: -- B/s
File: download: role-a-mode-c.bin
[███████████████████████████░░░]  89.7% (224.23 KB / 250.00 KB) | Speed: -- B/s
File: download: role-a-mode-c.bin
[███████████████████████████░░░]  89.7% (224.36 KB / 250.00 KB) | Speed: -- B/s
File: download: role-a-mode-c.bin
[███████████████████████████░░░]  89.8% (224.48 KB / 250.00 KB) | Speed: -- B/s
File: download: role-a-mode-c.bin
[███████████████████████████░░░]  89.8% (224.61 KB / 250.00 KB) | Speed: -- B/s
File: download: role-a-mode-c.bin
[███████████████████████████░░░]  89.9% (224.73 KB / 250.00 KB) | Speed: -- B/s
File: download: role-a-mode-c.bin
[███████████████████████████░░░]  89.9% (224.85 KB / 250.00 KB) | Speed: -- B/s
File: download: role-a-mode-c.bin
[███████████████████████████░░░]  90.0% (224.98 KB / 250.00 KB) | Speed: -- B/s
File: download: role-a-mode-c.bin
[███████████████████████████░░░]  90.0% (225.10 KB / 250.00 KB) | Speed: -- B/s
File: download: role-a-mode-c.bin
[███████████████████████████░░░]  90.1% (225.23 KB / 250.00 KB) | Speed: -- B/s
File: download: role-a-mode-c.bin
[███████████████████████████░░░]  90.1% (225.35 KB / 250.00 KB) | Speed: -- B/s
File: download: role-a-mode-c.bin
[███████████████████████████░░░]  90.2% (225.47 KB / 250.00 KB) | Speed: -- B/s
File: download: role-a-mode-c.bin
[███████████████████████████░░░]  90.2% (225.60 KB / 250.00 KB) | Speed: -- B/s
File: download: role-a-mode-c.bin
[███████████████████████████░░░]  90.3% (225.72 KB / 250.00 KB) | Speed: -- B/s
File: download: role-a-mode-c.bin
[███████████████████████████░░░]  90.3% (225.85 KB / 250.00 KB) | Speed: -- B/s
File: download: role-a-mode-c.bin
[███████████████████████████░░░]  90.4% (225.97 KB / 250.00 KB) | Speed: -- B/s
File: download: role-a-mode-c.bin
[███████████████████████████░░░]  90.4% (226.09 KB / 250.00 KB) | Speed: -- B/s
File: download: role-a-mode-c.bin
[███████████████████████████░░░]  90.5% (226.22 KB / 250.00 KB) | Speed: -- B/s
File: download: role-a-mode-c.bin
[███████████████████████████░░░]  90.5% (226.34 KB / 250.00 KB) | Speed: -- B/s
File: download: role-a-mode-c.bin
[███████████████████████████░░░]  90.6% (226.47 KB / 250.00 KB) | Speed: -- B/s
File: download: role-a-mode-c.bin
[███████████████████████████░░░]  90.6% (226.59 KB / 250.00 KB) | Speed: -- B/s
File: download: role-a-mode-c.bin
[███████████████████████████░░░]  90.7% (226.71 KB / 250.00 KB) | Speed: -- B/s
File: download: role-a-mode-c.bin
[███████████████████████████░░░]  90.7% (226.84 KB / 250.00 KB) | Speed: -- B/s
File: download: role-a-mode-c.bin
[███████████████████████████░░░]  90.8% (226.96 KB / 250.00 KB) | Speed: -- B/s
File: download: role-a-mode-c.bin
[███████████████████████████░░░]  90.8% (227.09 KB / 250.00 KB) | Speed: -- B/s
File: download: role-a-mode-c.bin
[███████████████████████████░░░]  90.9% (227.21 KB / 250.00 KB) | Speed: -- B/s
File: download: role-a-mode-c.bin
[███████████████████████████░░░]  90.9% (227.33 KB / 250.00 KB) | Speed: -- B/s
File: download: role-a-mode-c.bin
[███████████████████████████░░░]  91.0% (227.46 KB / 250.00 KB) | Speed: -- B/s
File: download: role-a-mode-c.bin
[███████████████████████████░░░]  91.0% (227.58 KB / 250.00 KB) | Speed: -- B/s
File: download: role-a-mode-c.bin
[███████████████████████████░░░]  91.1% (227.71 KB / 250.00 KB) | Speed: -- B/s
File: download: role-a-mode-c.bin
[███████████████████████████░░░]  91.1% (227.83 KB / 250.00 KB) | Speed: -- B/s
File: download: role-a-mode-c.bin
[███████████████████████████░░░]  91.2% (227.96 KB / 250.00 KB) | Speed: -- B/s
File: download: role-a-mode-c.bin
[███████████████████████████░░░]  91.2% (228.08 KB / 250.00 KB) | Speed: -- B/s
File: download: role-a-mode-c.bin
[███████████████████████████░░░]  91.3% (228.20 KB / 250.00 KB) | Speed: -- B/s
File: download: role-a-mode-c.bin
[███████████████████████████░░░]  91.3% (228.33 KB / 250.00 KB) | Speed: -- B/s
File: download: role-a-mode-c.bin
[███████████████████████████░░░]  91.4% (228.45 KB / 250.00 KB) | Speed: -- B/s
File: download: role-a-mode-c.bin
[███████████████████████████░░░]  91.4% (228.58 KB / 250.00 KB) | Speed: -- B/s
File: download: role-a-mode-c.bin
[███████████████████████████░░░]  91.5% (228.70 KB / 250.00 KB) | Speed: -- B/s
File: download: role-a-mode-c.bin
[███████████████████████████░░░]  91.5% (228.82 KB / 250.00 KB) | Speed: -- B/s
File: download: role-a-mode-c.bin
[███████████████████████████░░░]  91.6% (228.95 KB / 250.00 KB) | Speed: -- B/s
File: download: role-a-mode-c.bin
[███████████████████████████░░░]  91.6% (229.07 KB / 250.00 KB) | Speed: -- B/s
File: download: role-a-mode-c.bin
[████████████████████████████░░]  91.7% (229.20 KB / 250.00 KB) | Speed: -- B/s
File: download: role-a-mode-c.bin
[████████████████████████████░░]  91.7% (229.32 KB / 250.00 KB) | Speed: -- B/s
File: download: role-a-mode-c.bin
[████████████████████████████░░]  91.8% (229.44 KB / 250.00 KB) | Speed: -- B/s
File: download: role-a-mode-c.bin
[████████████████████████████░░]  91.8% (229.57 KB / 250.00 KB) | Speed: -- B/s
File: download: role-a-mode-c.bin
[████████████████████████████░░]  91.9% (229.69 KB / 250.00 KB) | Speed: -- B/s
File: download: role-a-mode-c.bin
[████████████████████████████░░]  91.9% (229.82 KB / 250.00 KB) | Speed: -- B/s
File: download: role-a-mode-c.bin
[████████████████████████████░░]  92.0% (229.94 KB / 250.00 KB) | Speed: -- B/s
File: download: role-a-mode-c.bin
[████████████████████████████░░]  92.0% (230.06 KB / 250.00 KB) | Speed: -- B/s
File: download: role-a-mode-c.bin
[████████████████████████████░░]  92.1% (230.19 KB / 250.00 KB) | Speed: -- B/s
File: download: role-a-mode-c.bin
[████████████████████████████░░]  92.1% (230.31 KB / 250.00 KB) | Speed: -- B/s
File: download: role-a-mode-c.bin
[████████████████████████████░░]  92.2% (230.44 KB / 250.00 KB) | Speed: -- B/s
File: download: role-a-mode-c.bin
[████████████████████████████░░]  92.2% (230.56 KB / 250.00 KB) | Speed: -- B/s
File: download: role-a-mode-c.bin
[████████████████████████████░░]  92.3% (230.68 KB / 250.00 KB) | Speed: -- B/s
File: download: role-a-mode-c.bin
[████████████████████████████░░]  92.3% (230.81 KB / 250.00 KB) | Speed: -- B/s
File: download: role-a-mode-c.bin
[████████████████████████████░░]  92.4% (230.93 KB / 250.00 KB) | Speed: -- B/s
File: download: role-a-mode-c.bin
[████████████████████████████░░]  92.4% (231.06 KB / 250.00 KB) | Speed: -- B/s
File: download: role-a-mode-c.bin
[████████████████████████████░░]  92.5% (231.18 KB / 250.00 KB) | Speed: -- B/s
File: download: role-a-mode-c.bin
[████████████████████████████░░]  92.5% (231.30 KB / 250.00 KB) | Speed: -- B/s
File: download: role-a-mode-c.bin
[████████████████████████████░░]  92.6% (231.43 KB / 250.00 KB) | Speed: -- B/s
File: download: role-a-mode-c.bin
[████████████████████████████░░]  92.6% (231.55 KB / 250.00 KB) | Speed: -- B/s
File: download: role-a-mode-c.bin
[████████████████████████████░░]  92.7% (231.68 KB / 250.00 KB) | Speed: -- B/s
File: download: role-a-mode-c.bin
[████████████████████████████░░]  92.7% (231.80 KB / 250.00 KB) | Speed: -- B/s
File: download: role-a-mode-c.bin
[████████████████████████████░░]  92.8% (231.92 KB / 250.00 KB) | Speed: -- B/s
File: download: role-a-mode-c.bin
[████████████████████████████░░]  92.8% (232.05 KB / 250.00 KB) | Speed: -- B/s
File: download: role-a-mode-c.bin
[████████████████████████████░░]  92.9% (232.17 KB / 250.00 KB) | Speed: -- B/s
File: download: role-a-mode-c.bin
[████████████████████████████░░]  92.9% (232.30 KB / 250.00 KB) | Speed: -- B/s
File: download: role-a-mode-c.bin
[████████████████████████████░░]  93.0% (232.42 KB / 250.00 KB) | Speed: -- B/s
File: download: role-a-mode-c.bin
[████████████████████████████░░]  93.0% (232.54 KB / 250.00 KB) | Speed: -- B/s
File: download: role-a-mode-c.bin
[████████████████████████████░░]  93.1% (232.67 KB / 250.00 KB) | Speed: -- B/s
File: download: role-a-mode-c.bin
[████████████████████████████░░]  93.1% (232.79 KB / 250.00 KB) | Speed: -- B/s
File: download: role-a-mode-c.bin
[████████████████████████████░░]  93.2% (232.92 KB / 250.00 KB) | Speed: -- B/s
File: download: role-a-mode-c.bin
[████████████████████████████░░]  93.2% (233.04 KB / 250.00 KB) | Speed: -- B/s
File: download: role-a-mode-c.bin
[████████████████████████████░░]  93.3% (233.16 KB / 250.00 KB) | Speed: -- B/s
File: download: role-a-mode-c.bin
[████████████████████████████░░]  93.3% (233.29 KB / 250.00 KB) | Speed: -- B/s
File: download: role-a-mode-c.bin
[████████████████████████████░░]  93.4% (233.41 KB / 250.00 KB) | Speed: -- B/s
File: download: role-a-mode-c.bin
[████████████████████████████░░]  93.4% (233.54 KB / 250.00 KB) | Speed: -- B/s
File: download: role-a-mode-c.bin
[████████████████████████████░░]  93.5% (233.66 KB / 250.00 KB) | Speed: -- B/s
File: download: role-a-mode-c.bin
[████████████████████████████░░]  93.5% (233.78 KB / 250.00 KB) | Speed: -- B/s
File: download: role-a-mode-c.bin
[████████████████████████████░░]  93.6% (233.91 KB / 250.00 KB) | Speed: -- B/s
File: download: role-a-mode-c.bin
[████████████████████████████░░]  93.6% (234.03 KB / 250.00 KB) | Speed: -- B/s
File: download: role-a-mode-c.bin
[████████████████████████████░░]  93.7% (234.16 KB / 250.00 KB) | Speed: -- B/s
File: download: role-a-mode-c.bin
[████████████████████████████░░]  93.7% (234.28 KB / 250.00 KB) | Speed: -- B/s
File: download: role-a-mode-c.bin
[████████████████████████████░░]  93.8% (234.40 KB / 250.00 KB) | Speed: -- B/s
File: download: role-a-mode-c.bin
[████████████████████████████░░]  93.8% (234.53 KB / 250.00 KB) | Speed: -- B/s
File: download: role-a-mode-c.bin
[████████████████████████████░░]  93.9% (234.65 KB / 250.00 KB) | Speed: -- B/s
File: download: role-a-mode-c.bin
[████████████████████████████░░]  93.9% (234.78 KB / 250.00 KB) | Speed: -- B/s
File: download: role-a-mode-c.bin
[████████████████████████████░░]  94.0% (234.90 KB / 250.00 KB) | Speed: -- B/s
File: download: role-a-mode-c.bin
[████████████████████████████░░]  94.0% (235.02 KB / 250.00 KB) | Speed: -- B/s
File: download: role-a-mode-c.bin
[████████████████████████████░░]  94.1% (235.15 KB / 250.00 KB) | Speed: -- B/s
File: download: role-a-mode-c.bin
[████████████████████████████░░]  94.1% (235.27 KB / 250.00 KB) | Speed: -- B/s
File: download: role-a-mode-c.bin
[████████████████████████████░░]  94.2% (235.40 KB / 250.00 KB) | Speed: -- B/s
File: download: role-a-mode-c.bin
[████████████████████████████░░]  94.2% (235.52 KB / 250.00 KB) | Speed: -- B/s
File: download: role-a-mode-c.bin
[████████████████████████████░░]  94.3% (235.64 KB / 250.00 KB) | Speed: -- B/s
File: download: role-a-mode-c.bin
[████████████████████████████░░]  94.3% (235.77 KB / 250.00 KB) | Speed: -- B/s
File: download: role-a-mode-c.bin
[████████████████████████████░░]  94.4% (235.89 KB / 250.00 KB) | Speed: -- B/s
File: download: role-a-mode-c.bin
[████████████████████████████░░]  94.4% (236.02 KB / 250.00 KB) | Speed: -- B/s
File: download: role-a-mode-c.bin
[████████████████████████████░░]  94.5% (236.14 KB / 250.00 KB) | Speed: -- B/s
File: download: role-a-mode-c.bin
[████████████████████████████░░]  94.5% (236.26 KB / 250.00 KB) | Speed: -- B/s
File: download: role-a-mode-c.bin
[████████████████████████████░░]  94.6% (236.39 KB / 250.00 KB) | Speed: -- B/s
File: download: role-a-mode-c.bin
[████████████████████████████░░]  94.6% (236.51 KB / 250.00 KB) | Speed: -- B/s
File: download: role-a-mode-c.bin
[████████████████████████████░░]  94.7% (236.64 KB / 250.00 KB) | Speed: -- B/s
File: download: role-a-mode-c.bin
[████████████████████████████░░]  94.7% (236.76 KB / 250.00 KB) | Speed: -- B/s
File: download: role-a-mode-c.bin
[████████████████████████████░░]  94.8% (236.88 KB / 250.00 KB) | Speed: -- B/s
File: download: role-a-mode-c.bin
[████████████████████████████░░]  94.8% (237.01 KB / 250.00 KB) | Speed: -- B/s
File: download: role-a-mode-c.bin
[████████████████████████████░░]  94.9% (237.13 KB / 250.00 KB) | Speed: -- B/s
File: download: role-a-mode-c.bin
[████████████████████████████░░]  94.9% (237.26 KB / 250.00 KB) | Speed: -- B/s
File: download: role-a-mode-c.bin
[████████████████████████████░░]  95.0% (237.38 KB / 250.00 KB) | Speed: -- B/s
File: download: role-a-mode-c.bin
[█████████████████████████████░]  95.0% (237.50 KB / 250.00 KB) | Speed: -- B/s
File: download: role-a-mode-c.bin
[█████████████████████████████░]  95.1% (237.63 KB / 250.00 KB) | Speed: -- B/s
File: download: role-a-mode-c.bin
[█████████████████████████████░]  95.1% (237.75 KB / 250.00 KB) | Speed: -- B/s
File: download: role-a-mode-c.bin
[█████████████████████████████░]  95.2% (237.88 KB / 250.00 KB) | Speed: -- B/s
File: download: role-a-mode-c.bin
[█████████████████████████████░]  95.2% (238.00 KB / 250.00 KB) | Speed: -- B/s
File: download: role-a-mode-c.bin
[█████████████████████████████░]  95.2% (238.12 KB / 250.00 KB) | Speed: -- B/s
File: download: role-a-mode-c.bin
[█████████████████████████████░]  95.3% (238.25 KB / 250.00 KB) | Speed: -- B/s
File: download: role-a-mode-c.bin
[█████████████████████████████░]  95.3% (238.37 KB / 250.00 KB) | Speed: -- B/s
File: download: role-a-mode-c.bin
[█████████████████████████████░]  95.4% (238.50 KB / 250.00 KB) | Speed: -- B/s
File: download: role-a-mode-c.bin
[█████████████████████████████░]  95.4% (238.62 KB / 250.00 KB) | Speed: -- B/s
File: download: role-a-mode-c.bin
[█████████████████████████████░]  95.5% (238.75 KB / 250.00 KB) | Speed: -- B/s
File: download: role-a-mode-c.bin
[█████████████████████████████░]  95.5% (238.87 KB / 250.00 KB) | Speed: -- B/s
File: download: role-a-mode-c.bin
[█████████████████████████████░]  95.6% (238.99 KB / 250.00 KB) | Speed: -- B/s
File: download: role-a-mode-c.bin
[█████████████████████████████░]  95.6% (239.12 KB / 250.00 KB) | Speed: -- B/s
File: download: role-a-mode-c.bin
[█████████████████████████████░]  95.7% (239.24 KB / 250.00 KB) | Speed: -- B/s
File: download: role-a-mode-c.bin
[█████████████████████████████░]  95.7% (239.37 KB / 250.00 KB) | Speed: -- B/s
File: download: role-a-mode-c.bin
[█████████████████████████████░]  95.8% (239.49 KB / 250.00 KB) | Speed: -- B/s
File: download: role-a-mode-c.bin
[█████████████████████████████░]  95.8% (239.61 KB / 250.00 KB) | Speed: -- B/s
File: download: role-a-mode-c.bin
[█████████████████████████████░]  95.9% (239.74 KB / 250.00 KB) | Speed: -- B/s
File: download: role-a-mode-c.bin
[█████████████████████████████░]  95.9% (239.86 KB / 250.00 KB) | Speed: -- B/s
File: download: role-a-mode-c.bin
[█████████████████████████████░]  96.0% (239.99 KB / 250.00 KB) | Speed: -- B/s
File: download: role-a-mode-c.bin
[█████████████████████████████░]  96.0% (240.11 KB / 250.00 KB) | Speed: -- B/s
File: download: role-a-mode-c.bin
[█████████████████████████████░]  96.1% (240.23 KB / 250.00 KB) | Speed: -- B/s
File: download: role-a-mode-c.bin
[█████████████████████████████░]  96.1% (240.36 KB / 250.00 KB) | Speed: -- B/s
File: download: role-a-mode-c.bin
[█████████████████████████████░]  96.2% (240.48 KB / 250.00 KB) | Speed: -- B/s
File: download: role-a-mode-c.bin
[█████████████████████████████░]  96.2% (240.61 KB / 250.00 KB) | Speed: -- B/s
File: download: role-a-mode-c.bin
[█████████████████████████████░]  96.3% (240.73 KB / 250.00 KB) | Speed: -- B/s
File: download: role-a-mode-c.bin
[█████████████████████████████░]  96.3% (240.85 KB / 250.00 KB) | Speed: -- B/s
File: download: role-a-mode-c.bin
[█████████████████████████████░]  96.4% (240.98 KB / 250.00 KB) | Speed: -- B/s
File: download: role-a-mode-c.bin
[█████████████████████████████░]  96.4% (241.10 KB / 250.00 KB) | Speed: -- B/s
File: download: role-a-mode-c.bin
[█████████████████████████████░]  96.5% (241.23 KB / 250.00 KB) | Speed: -- B/s
File: download: role-a-mode-c.bin
[█████████████████████████████░]  96.5% (241.35 KB / 250.00 KB) | Speed: -- B/s
File: download: role-a-mode-c.bin
[█████████████████████████████░]  96.6% (241.47 KB / 250.00 KB) | Speed: -- B/s
File: download: role-a-mode-c.bin
[█████████████████████████████░]  96.6% (241.60 KB / 250.00 KB) | Speed: -- B/s
File: download: role-a-mode-c.bin
[█████████████████████████████░]  96.7% (241.72 KB / 250.00 KB) | Speed: -- B/s
File: download: role-a-mode-c.bin
[█████████████████████████████░]  96.7% (241.85 KB / 250.00 KB) | Speed: -- B/s
File: download: role-a-mode-c.bin
[█████████████████████████████░]  96.8% (241.97 KB / 250.00 KB) | Speed: -- B/s
File: download: role-a-mode-c.bin
[█████████████████████████████░]  96.8% (242.09 KB / 250.00 KB) | Speed: -- B/s
File: download: role-a-mode-c.bin
[█████████████████████████████░]  96.9% (242.22 KB / 250.00 KB) | Speed: -- B/s
File: download: role-a-mode-c.bin
[█████████████████████████████░]  96.9% (242.34 KB / 250.00 KB) | Speed: -- B/s
File: download: role-a-mode-c.bin
[█████████████████████████████░]  97.0% (242.47 KB / 250.00 KB) | Speed: -- B/s
File: download: role-a-mode-c.bin
[█████████████████████████████░]  97.0% (242.59 KB / 250.00 KB) | Speed: -- B/s
File: download: role-a-mode-c.bin
[█████████████████████████████░]  97.1% (242.71 KB / 250.00 KB) | Speed: -- B/s
File: download: role-a-mode-c.bin
[█████████████████████████████░]  97.1% (242.84 KB / 250.00 KB) | Speed: -- B/s
File: download: role-a-mode-c.bin
[█████████████████████████████░]  97.2% (242.96 KB / 250.00 KB) | Speed: -- B/s
File: download: role-a-mode-c.bin
[█████████████████████████████░]  97.2% (243.09 KB / 250.00 KB) | Speed: -- B/s
File: download: role-a-mode-c.bin
[█████████████████████████████░]  97.3% (243.21 KB / 250.00 KB) | Speed: -- B/s
File: download: role-a-mode-c.bin
[█████████████████████████████░]  97.3% (243.33 KB / 250.00 KB) | Speed: -- B/s
File: download: role-a-mode-c.bin
[█████████████████████████████░]  97.4% (243.46 KB / 250.00 KB) | Speed: -- B/s
File: download: role-a-mode-c.bin
[█████████████████████████████░]  97.4% (243.58 KB / 250.00 KB) | Speed: -- B/s
File: download: role-a-mode-c.bin
[█████████████████████████████░]  97.5% (243.71 KB / 250.00 KB) | Speed: -- B/s
File: download: role-a-mode-c.bin
[█████████████████████████████░]  97.5% (243.83 KB / 250.00 KB) | Speed: -- B/s
File: download: role-a-mode-c.bin
[█████████████████████████████░]  97.6% (243.95 KB / 250.00 KB) | Speed: -- B/s
File: download: role-a-mode-c.bin
[█████████████████████████████░]  97.6% (244.08 KB / 250.00 KB) | Speed: -- B/s
File: download: role-a-mode-c.bin
[█████████████████████████████░]  97.7% (244.20 KB / 250.00 KB) | Speed: -- B/s
File: download: role-a-mode-c.bin
[█████████████████████████████░]  97.7% (244.33 KB / 250.00 KB) | Speed: -- B/s
File: download: role-a-mode-c.bin
[█████████████████████████████░]  97.8% (244.45 KB / 250.00 KB) | Speed: -- B/s
File: download: role-a-mode-c.bin
[█████████████████████████████░]  97.8% (244.57 KB / 250.00 KB) | Speed: -- B/s
File: download: role-a-mode-c.bin
[█████████████████████████████░]  97.9% (244.70 KB / 250.00 KB) | Speed: -- B/s
File: download: role-a-mode-c.bin
[█████████████████████████████░]  97.9% (244.82 KB / 250.00 KB) | Speed: -- B/s
File: download: role-a-mode-c.bin
[█████████████████████████████░]  98.0% (244.95 KB / 250.00 KB) | Speed: -- B/s
File: download: role-a-mode-c.bin
[█████████████████████████████░]  98.0% (245.07 KB / 250.00 KB) | Speed: -- B/s
File: download: role-a-mode-c.bin
[█████████████████████████████░]  98.1% (245.19 KB / 250.00 KB) | Speed: -- B/s
File: download: role-a-mode-c.bin
[█████████████████████████████░]  98.1% (245.32 KB / 250.00 KB) | Speed: -- B/s
File: download: role-a-mode-c.bin
[█████████████████████████████░]  98.2% (245.44 KB / 250.00 KB) | Speed: -- B/s
File: download: role-a-mode-c.bin
[█████████████████████████████░]  98.2% (245.57 KB / 250.00 KB) | Speed: -- B/s
File: download: role-a-mode-c.bin
[█████████████████████████████░]  98.3% (245.69 KB / 250.00 KB) | Speed: -- B/s
File: download: role-a-mode-c.bin
[█████████████████████████████░]  98.3% (245.81 KB / 250.00 KB) | Speed: -- B/s
File: download: role-a-mode-c.bin
[██████████████████████████████]  98.4% (245.94 KB / 250.00 KB) | Speed: -- B/s
File: download: role-a-mode-c.bin
[██████████████████████████████]  98.4% (246.06 KB / 250.00 KB) | Speed: -- B/s
File: download: role-a-mode-c.bin
[██████████████████████████████]  98.5% (246.19 KB / 250.00 KB) | Speed: -- B/s
File: download: role-a-mode-c.bin
[██████████████████████████████]  98.5% (246.31 KB / 250.00 KB) | Speed: -- B/s
File: download: role-a-mode-c.bin
[██████████████████████████████]  98.6% (246.43 KB / 250.00 KB) | Speed: -- B/s
File: download: role-a-mode-c.bin
[██████████████████████████████]  98.6% (246.56 KB / 250.00 KB) | Speed: -- B/s
File: download: role-a-mode-c.bin
[██████████████████████████████]  98.7% (246.68 KB / 250.00 KB) | Speed: -- B/s
File: download: role-a-mode-c.bin
[██████████████████████████████]  98.7% (246.81 KB / 250.00 KB) | Speed: -- B/s
File: download: role-a-mode-c.bin
[██████████████████████████████]  98.8% (246.93 KB / 250.00 KB) | Speed: -- B/s
File: download: role-a-mode-c.bin
[██████████████████████████████]  98.8% (247.05 KB / 250.00 KB) | Speed: -- B/s
File: download: role-a-mode-c.bin
[██████████████████████████████]  98.9% (247.18 KB / 250.00 KB) | Speed: -- B/s
File: download: role-a-mode-c.bin
[██████████████████████████████]  98.9% (247.30 KB / 250.00 KB) | Speed: -- B/s
File: download: role-a-mode-c.bin
[██████████████████████████████]  99.0% (247.43 KB / 250.00 KB) | Speed: -- B/s
File: download: role-a-mode-c.bin
[██████████████████████████████]  99.0% (247.55 KB / 250.00 KB) | Speed: -- B/s
File: download: role-a-mode-c.bin
[██████████████████████████████]  99.1% (247.67 KB / 250.00 KB) | Speed: -- B/s
File: download: role-a-mode-c.bin
[██████████████████████████████]  99.1% (247.80 KB / 250.00 KB) | Speed: -- B/s
File: download: role-a-mode-c.bin
[██████████████████████████████]  99.2% (247.92 KB / 250.00 KB) | Speed: -- B/s
File: download: role-a-mode-c.bin
[██████████████████████████████]  99.2% (248.05 KB / 250.00 KB) | Speed: -- B/s
File: download: role-a-mode-c.bin
[██████████████████████████████]  99.3% (248.17 KB / 250.00 KB) | Speed: -- B/s
File: download: role-a-mode-c.bin
[██████████████████████████████]  99.3% (248.29 KB / 250.00 KB) | Speed: -- B/s
File: download: role-a-mode-c.bin
[██████████████████████████████]  99.4% (248.42 KB / 250.00 KB) | Speed: -- B/s
File: download: role-a-mode-c.bin
[██████████████████████████████]  99.4% (248.54 KB / 250.00 KB) | Speed: -- B/s
File: download: role-a-mode-c.bin
[██████████████████████████████]  99.5% (248.67 KB / 250.00 KB) | Speed: -- B/s
File: download: role-a-mode-c.bin
[██████████████████████████████]  99.5% (248.79 KB / 250.00 KB) | Speed: -- B/s
File: download: role-a-mode-c.bin
[██████████████████████████████]  99.6% (248.92 KB / 250.00 KB) | Speed: -- B/s
File: download: role-a-mode-c.bin
[██████████████████████████████]  99.6% (249.04 KB / 250.00 KB) | Speed: -- B/s
File: download: role-a-mode-c.bin
[██████████████████████████████]  99.7% (249.16 KB / 250.00 KB) | Speed: -- B/s
File: download: role-a-mode-c.bin
[██████████████████████████████]  99.7% (249.29 KB / 250.00 KB) | Speed: -- B/s
File: download: role-a-mode-c.bin
[██████████████████████████████]  99.8% (249.41 KB / 250.00 KB) | Speed: -- B/s
File: download: role-a-mode-c.bin
[██████████████████████████████]  99.8% (249.54 KB / 250.00 KB) | Speed: -- B/s
File: download: role-a-mode-c.bin
[██████████████████████████████]  99.9% (249.66 KB / 250.00 KB) | Speed: -- B/s
File: download: role-a-mode-c.bin
[██████████████████████████████]  99.9% (249.78 KB / 250.00 KB) | Speed: -- B/s
File: download: role-a-mode-c.bin
[██████████████████████████████] 100.0% (249.91 KB / 250.00 KB) | Speed: -- B/s
File: download: role-a-mode-c.bin
[██████████████████████████████] 100.0% (250.00 KB / 250.00 KB) | Speed: -- B/s
File: download: role-a-mode-c.bin
[██████████████████████████████] 100.0% (250.00 KB / 250.00 KB) | Speed: -- B/s
Success: ACTIVE C upload + download for role-a-mode-c.bin
